propertyCode,pullDateId,createdAt,updatedAt,createdAtEpoch,updatedAtEpoch,Day_of_Week,Day_of_Arrival,Special_Event,Out_of_Order,Occupancy_On_Books_Current,Occupancy_On_Books_Change,Occupancy_Forecast_Current,Occupancy_Forecast_Change,Occupancy_Forecast%Current,Occupancy_Forecast%Change,Revenue_On_Books(USD)_Current,Revenue_On_Books(USD)_Change,Revenue_Forecast(USD)_Current,Revenue_Forecast(USD)_Change,ADR_On_Books(USD)_Current,ADR_On_Books(USD)_Change,ADR_Forecast(USD)_Current,ADR_Forecast(USD)_Change,RevPAR_On_Books(USD)_Current,RevPAR_On_Books(USD)_Change,RevPAR_Forecast(USD)_Current,RevPAR_Forecast(USD)_Change,Last_Room_Value_For_RC_DLX(USD)_Current,Last_Room_Value_For_RC_DLX(USD)_Change,Overbooking_Current,Overbooking_Change,BAR_by_Day_for_Room_Class_DLX(USD)_Current,BAR_by_Day_for_Room_Class_DLX(USD)_Change,BAR_Restricted_by_LRV_for_Room_Class_DLX_Current,BAR_Restricted_by_LRV_for_Room_Class_DLX_Change
USGA230702,1280,'2023-11-29T20:22:24.671287+05:30','2023-11-29T20:22:24.671425+05:30',1701269544,1701269544,Wednesday,2023-11-08 00:00:00,,3.0,62.0,22.0,62.0,20.42,50.4065,16.6,4252.95,1705.65,4252.95,1541.98,68.6,4.92,68.6,3.4,34.57683,13.87,34.58,12.54,0.0,0.0,2.0,0.0,88.0,-19.0,N,
USGA230702,1280,'2023-11-29T20:22:24.671287+05:30','2023-11-29T20:22:24.671425+05:30',1701269544,1701269544,Thursday,2023-11-09 00:00:00,,1.0,74.0,29.0,72.63305,26.02,59.0512,21.16,5102.19,1969.97,5026.33411,1711.34,68.95,-0.65,69.2,-1.93,41.48122,16.02,40.86,13.91,0.0,0.0,4.0,0.0,88.0,-6.0,N,
USGA230702,1280,'2023-11-29T20:22:24.671287+05:30','2023-11-29T20:22:24.671425+05:30',1701269544,1701269544,Friday,2023-11-10 00:00:00,,0.0,64.0,17.0,77.24988,6.44,62.8047,5.24,6041.11,1584.97,7611.60922,437.77,94.39,-0.42,98.53,-2.79,49.11472,12.89,61.88,3.56,0.0,0.0,5.0,-1.0,119.0,0.0,N,
USGA230702,1280,'2023-11-29T20:22:24.671287+05:30','2023-11-29T20:22:24.671425+05:30',1701269544,1701269544,Saturday,2023-11-11 00:00:00,,0.0,62.0,13.0,80.64759,3.22,65.5671,2.62,6196.42,1233.15,8356.68005,144.5,99.94,-1.35,103.62,-2.45,50.3774,10.03,67.94,1.17,0.0,0.0,6.0,0.0,119.0,0.0,N,
USGA230702,1280,'2023-11-29T20:22:24.671287+05:30','2023-11-29T20:22:24.671425+05:30',1701269544,1701269544,Sunday,2023-11-12 00:00:00,,0.0,40.0,8.0,41.66553,7.43,33.8744,6.03,3082.48,545.42,3279.93635,509.35,77.06,-2.22,78.72,-2.19,25.06081,4.43,26.67,4.14,0.0,0.0,5.0,0.0,88.0,-17.0,N,
USGA230702,1280,'2023-11-29T20:22:24.671287+05:30','2023-11-29T20:22:24.671425+05:30',1701269544,1701269544,Monday,2023-11-13 00:00:00,,0.0,22.0,7.0,24.4058,6.55,19.8421,5.32,1483.37,474.14,1718.58983,432.27,67.43,0.15,70.42,-1.59,12.05992,3.85,13.97,3.51,0.0,0.0,5.0,0.0,88.0,-6.0,N,
USGA230702,1280,'2023-11-29T20:22:24.671287+05:30','2023-11-29T20:22:24.671425+05:30',1701269544,1701269544,Tuesday,2023-11-14 00:00:00,,0.0,21.0,7.0,23.81063,6.61,19.3582,5.37,1397.96,483.8,1666.60645,450.78,66.57,1.27,69.99,-0.69,11.36553,3.93,13.55,3.67,0.0,0.0,4.0,-1.0,88.0,-6.0,N,
USGA230702,1280,'2023-11-29T20:22:24.671287+05:30','2023-11-29T20:22:24.671425+05:30',1701269544,1701269544,Wednesday,2023-11-15 00:00:00,,0.0,17.0,5.0,20.00471,4.7,16.2639,3.82,1126.15,326.3,1410.04181,301.57,66.24,-0.41,70.49,-1.94,9.15569,2.65,11.46,2.45,0.0,0.0,5.0,0.0,88.0,-6.0,N,
USGA230702,1280,'2023-11-29T20:22:24.671287+05:30','2023-11-29T20:22:24.671425+05:30',1701269544,1701269544,Thursday,2023-11-16 00:00:00,,0.0,14.0,2.0,17.27691,1.84,14.0462,1.49,905.53,133.28,1215.5038,117.54,64.68,0.33,70.35,-0.74,7.36203,1.08,9.88,0.95,0.0,0.0,5.0,0.0,88.0,-8.0,N,
USGA230702,1280,'2023-11-29T20:22:24.671287+05:30','2023-11-29T20:22:24.671425+05:30',1701269544,1701269544,Friday,2023-11-17 00:00:00,,0.0,19.0,4.0,54.46699,4.24,44.2821,3.44,1783.53,374.66,5850.10641,407.21,93.87,-0.05,107.41,-0.94,14.50024,3.05,47.56,3.31,0.0,0.0,7.0,0.0,119.0,0.0,N,
USGA230702,1280,'2023-11-29T20:22:24.671287+05:30','2023-11-29T20:22:24.671425+05:30',1701269544,1701269544,Saturday,2023-11-18 00:00:00,,0.0,24.0,4.0,67.47764,5.45,54.8598,4.43,2492.8,374.66,7467.62483,548.66,103.87,-2.04,110.67,-0.88,20.26667,3.05,60.71,4.46,0.0,0.0,6.0,0.0,119.0,0.0,N,
USGA230702,1280,'2023-11-29T20:22:24.671287+05:30','2023-11-29T20:22:24.671425+05:30',1701269544,1701269544,Sunday,2023-11-19 00:00:00,,0.0,18.0,2.0,21.21379,1.84,17.2469,1.5,1498.13,145.36,1821.7316,136.37,83.23,-1.32,85.87,-1.16,12.17992,1.18,14.81,1.11,0.0,0.0,7.0,0.0,88.0,-6.0,N,
USGA230702,1280,'2023-11-29T20:22:24.671287+05:30','2023-11-29T20:22:24.671425+05:30',1701269544,1701269544,Monday,2023-11-20 00:00:00,,0.0,19.0,3.0,24.25013,2.77,19.7155,2.25,1250.23,217.54,1717.08783,197.46,65.8,1.26,70.81,0.08,10.16447,1.77,13.96,1.61,0.0,0.0,5.0,0.0,88.0,-7.0,N,
USGA230702,1280,'2023-11-29T20:22:24.671287+05:30','2023-11-29T20:22:24.671425+05:30',1701269544,1701269544,Tuesday,2023-11-21 00:00:00,,0.0,19.0,1.0,23.96389,0.8,19.4828,0.66,1235.87,63.36,1663.26499,47.47,65.05,-0.09,69.41,-0.37,10.04772,0.52,13.52,0.38,0.0,0.0,4.0,0.0,88.0,-6.0,N,
USGA230702,1280,'2023-11-29T20:22:24.671287+05:30','2023-11-29T20:22:24.671425+05:30',1701269544,1701269544,Wednesday,2023-11-22 00:00:00,,0.0,35.0,3.0,39.41469,2.73,32.0444,2.22,2276.3,207.22,2673.70959,185.53,65.04,0.38,67.84,0.01,18.5065,1.68,21.74,1.51,0.0,0.0,4.0,0.0,88.0,-6.0,N,
USGA230702,1280,'2023-11-29T20:22:24.671287+05:30','2023-11-29T20:22:24.671425+05:30',1701269544,1701269544,Thursday,2023-11-23 00:00:00,Thanksgiving,0.0,46.0,7.0,50.60098,6.57,41.139,5.34,3164.65,491.92,3587.84966,460.39,68.8,0.27,70.9,-0.13,25.72886,4.0,29.17,3.74,0.0,0.0,4.0,0.0,88.0,-12.0,N,
USGA230702,1280,'2023-11-29T20:22:24.671287+05:30','2023-11-29T20:22:24.671425+05:30',1701269544,1701269544,Friday,2023-11-24 00:00:00,,0.0,38.0,7.0,100.68204,7.2,81.8553,5.86,3558.37,727.8,9932.52186,730.21,93.64,2.33,98.65,0.21,28.92984,5.92,80.75,5.93,12.54558,3.79,5.0,0.0,119.0,0.0,N,
USGA230702,1280,'2023-11-29T20:22:24.671287+05:30','2023-11-29T20:22:24.671425+05:30',1701269544,1701269544,Saturday,2023-11-25 00:00:00,,0.0,28.0,4.0,91.18535,4.8,74.1344,3.9,2521.31,419.28,9032.26861,506.6,90.05,2.47,99.05,0.36,20.49846,3.41,73.43,4.12,2.61813,1.36,5.0,0.0,119.0,0.0,N,
USGA230702,1280,'2023-11-29T20:22:24.671287+05:30','2023-11-29T20:22:24.671425+05:30',1701269544,1701269544,Sunday,2023-11-26 00:00:00,,0.0,16.0,1.0,19.81893,0.84,16.1129,0.68,1058.53,63.36,1407.31392,50.41,66.16,-0.18,71.01,-0.49,8.60593,0.52,11.44,0.41,0.0,0.0,4.0,0.0,88.0,-9.0,N,
USGA230702,1280,'2023-11-29T20:22:24.671287+05:30','2023-11-29T20:22:24.671425+05:30',1701269544,1701269544,Monday,2023-11-27 00:00:00,,0.0,4.0,0.0,8.35588,0.0,6.7933,-0.08,277.58,0.0,661.4796,-9.46,69.4,0.0,79.16,-0.23,2.25675,0.0,5.38,-0.07,0.0,0.0,4.0,0.0,88.0,-6.0,N,
USGA230702,1280,'2023-11-29T20:22:24.671287+05:30','2023-11-29T20:22:24.671425+05:30',1701269544,1701269544,Tuesday,2023-11-28 00:00:00,,0.0,5.0,1.0,9.35055,0.86,7.602,0.7,325.56,49.5,709.24984,38.05,65.11,-3.91,75.85,-3.25,2.64683,0.4,5.77,0.31,0.0,0.0,4.0,0.0,88.0,-6.0,N,
USGA230702,1280,'2023-11-29T20:22:24.671287+05:30','2023-11-29T20:22:24.671425+05:30',1701269544,1701269544,Wednesday,2023-11-29 00:00:00,,0.0,3.0,1.0,7.6512,0.87,6.2204,0.71,204.32,49.5,612.99061,39.51,68.11,-9.3,80.12,-4.45,1.66114,0.4,4.98,0.32,0.0,0.0,4.0,0.0,88.0,-6.0,N,
USGA230702,1280,'2023-11-29T20:22:24.671287+05:30','2023-11-29T20:22:24.671425+05:30',1701269544,1701269544,Thursday,2023-11-30 00:00:00,,0.0,1.0,1.0,5.97736,0.88,4.8596,0.71,49.5,49.5,488.05615,39.02,49.5,49.5,81.65,-6.32,0.40244,0.4,3.97,0.32,0.0,0.0,4.0,0.0,88.0,-6.0,N,
USGA230702,1280,'2023-11-29T20:22:24.671287+05:30','2023-11-29T20:22:24.671425+05:30',1701269544,1701269544,Friday,2023-12-01 00:00:00,,0.0,3.0,0.0,10.06296,-0.14,8.1812,-0.11,301.6,0.0,977.93114,-10.74,100.53,0.0,97.18,0.24,2.45203,0.0,7.95,-0.09,0.0,0.0,5.0,0.0,119.0,0.0,N,
USGA230702,1280,'2023-11-29T20:22:24.671287+05:30','2023-11-29T20:22:24.671425+05:30',1701269544,1701269544,Saturday,2023-12-02 00:00:00,,0.0,4.0,0.0,11.41428,-0.13,9.2799,-0.1,397.99,0.0,1134.97374,-9.99,99.5,0.0,99.43,0.22,3.23569,0.0,9.23,-0.08,0.0,0.0,5.0,0.0,119.0,0.0,N,
USGA230702,1280,'2023-11-29T20:22:24.671287+05:30','2023-11-29T20:22:24.671425+05:30',1701269544,1701269544,Sunday,2023-12-03 00:00:00,,0.0,4.0,-2.0,8.91459,-2.04,7.2476,-1.66,300.14,-166.4,766.29514,-168.92,75.04,-2.72,85.96,0.58,2.44016,-1.35,6.23,-1.37,0.0,0.0,6.0,0.0,88.0,-6.0,N,
USGA230702,1280,'2023-11-29T20:22:24.671287+05:30','2023-11-29T20:22:24.671425+05:30',1701269544,1701269544,Monday,2023-12-04 00:00:00,,0.0,2.0,0.0,7.23945,-0.1,5.8857,-0.09,140.8,0.0,632.61379,-7.46,70.4,0.0,87.38,0.23,1.14472,0.0,5.14,-0.06,0.0,0.0,6.0,1.0,88.0,-6.0,N,
USGA230702,1280,'2023-11-29T20:22:24.671287+05:30','2023-11-29T20:22:24.671425+05:30',1701269544,1701269544,Tuesday,2023-12-05 00:00:00,,0.0,1.0,0.0,6.54796,0.0,5.3235,-0.06,70.4,0.0,586.41632,-5.25,70.4,0.0,89.56,0.28,0.57236,0.0,4.77,-0.04,0.0,0.0,6.0,0.0,88.0,-10.0,N,
USGA230702,1280,'2023-11-29T20:22:24.671287+05:30','2023-11-29T20:22:24.671425+05:30',1701269544,1701269544,Wednesday,2023-12-06 00:00:00,,0.0,0.0,0.0,5.78988,0.0,4.7072,-0.03,0.0,0.0,533.89544,-1.99,0.0,0.0,92.21,0.31,0.0,0.0,4.34,-0.02,0.0,0.0,5.0,0.0,88.0,-6.0,N,
USGA230702,1280,'2023-11-29T20:22:24.671287+05:30','2023-11-29T20:22:24.671425+05:30',1701269544,1701269544,Thursday,2023-12-07 00:00:00,,0.0,0.0,0.0,6.04899,0.0,4.9178,-0.03,0.0,0.0,560.51881,-2.03,0.0,0.0,92.66,0.26,0.0,0.0,4.56,-0.01,0.0,0.0,6.0,1.0,88.0,-6.0,N,
USGA230702,1280,'2023-11-29T20:22:24.671287+05:30','2023-11-29T20:22:24.671425+05:30',1701269544,1701269544,Friday,2023-12-08 00:00:00,,0.0,1.0,0.0,9.07592,0.0,7.3787,-0.04,99.37,0.0,882.9041,-5.23,99.37,0.0,97.28,0.01,0.80789,0.0,7.18,-0.04,0.0,0.0,6.0,0.0,119.0,0.0,N,
USGA230702,1280,'2023-11-29T20:22:24.671287+05:30','2023-11-29T20:22:24.671425+05:30',1701269544,1701269544,Saturday,2023-12-09 00:00:00,,0.0,5.0,0.0,13.36395,0.0,10.865,-0.02,522.18,0.0,1350.70852,-3.43,104.44,0.0,101.07,-0.03,4.24537,0.0,10.98,-0.03,0.0,0.0,5.0,0.0,119.0,0.0,N,
USGA230702,1280,'2023-11-29T20:22:24.671287+05:30','2023-11-29T20:22:24.671425+05:30',1701269544,1701269544,Sunday,2023-12-10 00:00:00,,0.0,5.0,0.0,10.46824,0.0,8.5107,-0.03,366.0,0.0,883.15743,-3.99,73.2,0.0,84.37,-0.08,2.97561,0.0,7.18,-0.03,0.0,0.0,6.0,0.0,88.0,-6.0,N,
USGA230702,1280,'2023-11-29T20:22:24.671287+05:30','2023-11-29T20:22:24.671425+05:30',1701269544,1701269544,Monday,2023-12-11 00:00:00,,0.0,0.0,-1.0,5.73335,-0.98,4.6612,-0.79,0.0,-62.79,534.57101,-62.26,0.0,-62.79,93.24,4.25,0.0,-0.51,4.35,-0.5,0.0,0.0,6.0,0.0,88.0,-6.0,N,
USGA230702,1280,'2023-11-29T20:22:24.671287+05:30','2023-11-29T20:22:24.671425+05:30',1701269544,1701269544,Tuesday,2023-12-12 00:00:00,,0.0,0.0,-1.0,5.83202,-0.96,4.7414,-0.78,0.0,-62.79,540.84452,-61.56,0.0,-62.79,92.74,4.05,0.0,-0.51,4.4,-0.5,0.0,0.0,6.0,0.0,88.0,-6.0,N,
USGA230702,1280,'2023-11-29T20:22:24.671287+05:30','2023-11-29T20:22:24.671425+05:30',1701269544,1701269544,Wednesday,2023-12-13 00:00:00,,0.0,2.0,-1.0,7.96954,-0.95,6.4793,-0.78,158.4,-62.79,709.45524,-61.16,79.2,5.47,89.02,2.67,1.2878,-0.51,5.77,-0.5,0.0,0.0,6.0,0.0,88.0,-6.0,N,
USGA230702,1280,'2023-11-29T20:22:24.671287+05:30','2023-11-29T20:22:24.671425+05:30',1701269544,1701269544,Thursday,2023-12-14 00:00:00,,0.0,3.0,0.0,9.11971,0.0,7.4143,0.0,236.8,0.0,804.83065,-0.84,78.93,0.0,88.25,-0.1,1.9252,0.0,6.54,-0.01,0.0,0.0,6.0,0.0,88.0,-6.0,N,
USGA230702,1280,'2023-11-29T20:22:24.671287+05:30','2023-11-29T20:22:24.671425+05:30',1701269544,1701269544,Friday,2023-12-15 00:00:00,,0.0,8.0,0.0,15.66433,0.02,12.7352,0.02,849.11,0.0,1589.0689,1.54,106.14,0.0,101.45,-0.08,6.90333,0.0,12.92,0.01,0.0,0.0,6.0,0.0,119.0,0.0,N,
USGA230702,1280,'2023-11-29T20:22:24.671287+05:30','2023-11-29T20:22:24.671425+05:30',1701269544,1701269544,Saturday,2023-12-16 00:00:00,,0.0,7.0,1.0,15.52175,1.03,12.6193,0.84,715.26,79.5,1558.08731,82.08,102.18,-3.78,100.38,-1.47,5.81512,0.65,12.67,0.67,0.0,0.0,6.0,0.0,119.0,0.0,N,
USGA230702,1280,'2023-11-29T20:22:24.671287+05:30','2023-11-29T20:22:24.671425+05:30',1701269544,1701269544,Sunday,2023-12-17 00:00:00,,0.0,4.0,0.0,9.70881,0.03,7.8933,0.02,275.52,0.0,811.31551,1.92,68.88,0.0,83.56,-0.07,2.24,0.0,6.6,0.02,0.0,0.0,6.0,0.0,88.0,-6.0,N,
USGA230702,1280,'2023-11-29T20:22:24.671287+05:30','2023-11-29T20:22:24.671425+05:30',1701269544,1701269544,Monday,2023-12-18 00:00:00,,0.0,0.0,0.0,5.58891,0.0,4.5438,0.0,0.0,0.0,515.82643,-0.6,0.0,0.0,92.29,-0.11,0.0,0.0,4.19,-0.01,0.0,0.0,6.0,0.0,88.0,-6.0,N,
USGA230702,1280,'2023-11-29T20:22:24.671287+05:30','2023-11-29T20:22:24.671425+05:30',1701269544,1701269544,Tuesday,2023-12-19 00:00:00,,0.0,0.0,0.0,5.97963,0.0,4.8614,-0.01,0.0,0.0,547.80199,-2.52,0.0,0.0,91.61,-0.15,0.0,0.0,4.45,-0.02,0.0,0.0,6.0,0.0,88.0,-6.0,N,
USGA230702,1280,'2023-11-29T20:22:24.671287+05:30','2023-11-29T20:22:24.671425+05:30',1701269544,1701269544,Wednesday,2023-12-20 00:00:00,,0.0,0.0,0.0,5.69499,0.0,4.63,-0.03,0.0,0.0,517.4686,-4.42,0.0,0.0,90.86,-0.14,0.0,0.0,4.21,-0.03,0.0,0.0,5.0,0.0,88.0,-6.0,N,
USGA230702,1280,'2023-11-29T20:22:24.671287+05:30','2023-11-29T20:22:24.671425+05:30',1701269544,1701269544,Thursday,2023-12-21 00:00:00,,0.0,0.0,0.0,5.66592,0.0,4.6064,-0.04,0.0,0.0,522.20644,-5.13,0.0,0.0,92.17,-0.11,0.0,0.0,4.25,-0.04,0.0,0.0,5.0,0.0,88.0,-6.0,N,
USGA230702,1280,'2023-11-29T20:22:24.671287+05:30','2023-11-29T20:22:24.671425+05:30',1701269544,1701269544,Friday,2023-12-22 00:00:00,,0.0,2.0,0.0,7.94812,0.0,6.4618,-0.04,154.6,0.0,702.90277,-5.62,77.3,0.0,88.44,-0.15,1.25691,0.0,5.71,-0.05,0.0,0.0,5.0,0.0,119.0,0.0,N,
USGA230702,1280,'2023-11-29T20:22:24.671287+05:30','2023-11-29T20:22:24.671425+05:30',1701269544,1701269544,Saturday,2023-12-23 00:00:00,,0.0,7.0,0.0,13.15151,0.0,10.6922,-0.02,639.93,0.0,1225.70509,-1.79,91.42,0.0,93.2,0.02,5.20268,0.0,9.97,-0.01,0.0,0.0,5.0,0.0,119.0,0.0,N,
USGA230702,1280,'2023-11-29T20:22:24.671287+05:30','2023-11-29T20:22:24.671425+05:30',1701269544,1701269544,Sunday,2023-12-24 00:00:00,,0.0,5.0,0.0,12.04933,0.0,9.7962,-0.01,359.46,0.0,1007.81651,-1.9,71.89,0.0,83.64,-0.1,2.92244,0.0,8.19,-0.02,0.0,0.0,6.0,0.0,88.0,-6.0,N,
USGA230702,1280,'2023-11-29T20:22:24.671287+05:30','2023-11-29T20:22:24.671425+05:30',1701269544,1701269544,Monday,2023-12-25 00:00:00,Christmas,0.0,4.0,0.0,14.07155,0.02,11.4402,0.02,280.26,0.0,1161.29879,0.52,70.07,0.0,82.53,-0.1,2.27854,0.0,9.44,0.0,0.0,0.0,5.0,0.0,88.0,-9.0,N,
USGA230702,1280,'2023-11-29T20:22:24.671287+05:30','2023-11-29T20:22:24.671425+05:30',1701269544,1701269544,Tuesday,2023-12-26 00:00:00,,0.0,4.0,0.0,13.34259,0.0,10.8476,0.0,313.81,0.0,1130.71269,-1.69,78.45,0.0,84.74,-0.14,2.5513,0.0,9.19,-0.02,0.0,0.0,5.0,0.0,88.0,-6.0,N,
USGA230702,1280,'2023-11-29T20:22:24.671287+05:30','2023-11-29T20:22:24.671425+05:30',1701269544,1701269544,Wednesday,2023-12-27 00:00:00,,0.0,2.0,0.0,9.28325,0.0,7.5473,-0.01,135.01,0.0,778.34792,-2.11,67.51,0.0,83.84,-0.15,1.09764,0.0,6.33,-0.02,0.0,0.0,5.0,0.0,88.0,-6.0,N,
USGA230702,1280,'2023-11-29T20:22:24.671287+05:30','2023-11-29T20:22:24.671425+05:30',1701269544,1701269544,Thursday,2023-12-28 00:00:00,,0.0,5.0,0.0,11.54391,0.0,9.3852,-0.02,464.31,0.0,1058.66008,-2.5,92.86,0.0,91.71,-0.07,3.77488,0.0,8.61,-0.02,0.0,0.0,5.0,0.0,88.0,-6.0,N,
USGA230702,1280,'2023-11-29T20:22:24.671287+05:30','2023-11-29T20:22:24.671425+05:30',1701269544,1701269544,Friday,2023-12-29 00:00:00,,0.0,4.0,0.0,12.06858,0.0,9.8118,-0.03,340.09,0.0,1124.76073,-5.14,85.02,0.0,93.2,-0.12,2.76496,0.0,9.14,-0.05,0.0,0.0,6.0,0.0,119.0,0.0,N,
USGA230702,1280,'2023-11-29T20:22:24.671287+05:30','2023-11-29T20:22:24.671425+05:30',1701269544,1701269544,Saturday,2023-12-30 00:00:00,,0.0,6.0,0.0,15.0401,0.02,12.2277,0.02,520.97,0.0,1427.06226,3.41,86.83,0.0,94.88,0.1,4.23553,0.0,11.6,0.03,0.0,0.0,6.0,1.0,119.0,0.0,N,
USGA230702,1280,'2023-11-29T20:22:24.671287+05:30','2023-11-29T20:22:24.671425+05:30',1701269544,1701269544,Sunday,2023-12-31 00:00:00,,0.0,6.0,0.0,12.26315,0.0,9.97,0.0,460.18,0.0,1057.14536,0.63,76.7,0.0,86.21,0.04,3.7413,0.0,8.59,0.0,0.0,0.0,6.0,0.0,88.0,-23.0,N,
USGA230702,1280,'2023-11-29T20:22:24.671287+05:30','2023-11-29T20:22:24.671425+05:30',1701269544,1701269544,Monday,2024-01-01 00:00:00,,0.0,5.0,1.0,71.80906,1.01,58.3813,0.82,379.44,98.0,5905.15892,87.04,75.89,5.53,82.23,0.05,3.08488,0.8,48.01,0.71,0.0,0.0,5.0,0.0,88.0,-6.0,N,
USGA230702,1280,'2023-11-29T20:22:24.671287+05:30','2023-11-29T20:22:24.671425+05:30',1701269544,1701269544,Tuesday,2024-01-02 00:00:00,,0.0,2.0,0.0,68.24753,0.08,55.4857,0.07,139.5,0.0,5651.12911,-2.9,69.75,0.0,82.8,-0.14,1.13415,0.0,45.94,-0.03,0.0,0.0,4.0,0.0,88.0,-6.0,N,
USGA230702,1280,'2023-11-29T20:22:24.671287+05:30','2023-11-29T20:22:24.671425+05:30',1701269544,1701269544,Wednesday,2024-01-03 00:00:00,,0.0,1.0,0.0,68.42663,0.0,55.6314,-0.08,63.36,0.0,5771.64982,-14.41,63.36,0.0,84.35,-0.09,0.51512,0.0,46.92,-0.12,0.0,0.0,4.0,0.0,88.0,-6.0,N,
USGA230702,1280,'2023-11-29T20:22:24.671287+05:30','2023-11-29T20:22:24.671425+05:30',1701269544,1701269544,Thursday,2024-01-04 00:00:00,,0.0,2.0,0.0,72.1544,-0.11,58.6621,-0.08,162.8,0.0,6306.02956,-16.0,81.4,0.0,87.4,-0.09,1.32358,0.0,51.27,-0.13,0.0,0.0,5.0,0.0,88.0,-6.0,N,
USGA230702,1280,'2023-11-29T20:22:24.671287+05:30','2023-11-29T20:22:24.671425+05:30',1701269544,1701269544,Friday,2024-01-05 00:00:00,,0.0,2.0,0.0,74.44732,-0.15,60.5262,-0.13,220.15,0.0,7832.98923,-18.15,110.08,0.0,105.22,-0.02,1.78984,0.0,63.68,-0.15,0.057,0.04,7.0,0.0,119.0,0.0,N,
USGA230702,1280,'2023-11-29T20:22:24.671287+05:30','2023-11-29T20:22:24.671425+05:30',1701269544,1701269544,Saturday,2024-01-06 00:00:00,,0.0,3.0,1.0,81.90158,0.09,66.5866,0.08,299.65,79.5,8682.91821,-25.24,99.88,-10.2,106.02,-0.43,2.43618,0.65,70.59,-0.21,0.02093,-0.1,7.0,0.0,119.0,0.0,N,
USGA230702,1280,'2023-11-29T20:22:24.671287+05:30','2023-11-29T20:22:24.671425+05:30',1701269544,1701269544,Sunday,2024-01-07 00:00:00,,0.0,0.0,0.0,64.93332,-0.38,52.7913,-0.3,0.0,0.0,5985.52865,-29.39,0.0,0.0,92.18,0.08,0.0,0.0,48.66,-0.24,0.0,0.0,7.0,0.0,94.0,0.0,N,
USGA230702,1280,'2023-11-29T20:22:24.671287+05:30','2023-11-29T20:22:24.671425+05:30',1701269544,1701269544,Monday,2024-01-08 00:00:00,,0.0,0.0,0.0,62.41323,0.0,50.7424,-0.04,0.0,0.0,5545.4864,-13.46,0.0,0.0,88.85,-0.15,0.0,0.0,45.09,-0.1,0.0,0.0,5.0,0.0,94.0,0.0,N,
USGA230702,1280,'2023-11-29T20:22:24.671287+05:30','2023-11-29T20:22:24.671425+05:30',1701269544,1701269544,Tuesday,2024-01-09 00:00:00,,0.0,0.0,0.0,62.33637,0.0,50.6799,-0.02,0.0,0.0,5512.38912,-13.04,0.0,0.0,88.43,-0.17,0.0,0.0,44.82,-0.1,0.0,0.0,5.0,0.0,94.0,0.0,N,
USGA230702,1280,'2023-11-29T20:22:24.671287+05:30','2023-11-29T20:22:24.671425+05:30',1701269544,1701269544,Wednesday,2024-01-10 00:00:00,,0.0,0.0,0.0,63.90445,-0.92,51.9548,-0.74,0.0,0.0,5710.71773,-92.97,0.0,0.0,89.36,-0.18,0.0,0.0,46.43,-0.75,0.0,0.0,5.0,0.0,94.0,0.0,N,
USGA230702,1280,'2023-11-29T20:22:24.671287+05:30','2023-11-29T20:22:24.671425+05:30',1701269544,1701269544,Thursday,2024-01-11 00:00:00,,0.0,0.0,0.0,67.5832,-1.32,54.9456,-1.07,0.0,0.0,6185.07819,-151.38,0.0,0.0,91.52,-0.45,0.0,0.0,50.29,-1.23,0.0,0.0,5.0,-1.0,94.0,-1.0,N,
USGA230702,1280,'2023-11-29T20:22:24.671287+05:30','2023-11-29T20:22:24.671425+05:30',1701269544,1701269544,Friday,2024-01-12 00:00:00,,0.0,0.0,0.0,76.02261,0.06,61.807,0.05,0.0,0.0,7981.87065,5.02,0.0,0.0,104.99,-0.03,0.0,0.0,64.89,0.04,0.00043,0.0,7.0,0.0,119.0,0.0,N,
USGA230702,1280,'2023-11-29T20:22:24.671287+05:30','2023-11-29T20:22:24.671425+05:30',1701269544,1701269544,Saturday,2024-01-13 00:00:00,,0.0,0.0,0.0,83.29748,0.17,67.7215,0.14,0.0,0.0,8875.83731,16.52,0.0,0.0,106.56,-0.02,0.0,0.0,72.16,0.13,0.06894,0.0,7.0,0.0,119.0,0.0,N,
USGA230702,1280,'2023-11-29T20:22:24.671287+05:30','2023-11-29T20:22:24.671425+05:30',1701269544,1701269544,Sunday,2024-01-14 00:00:00,,0.0,0.0,0.0,65.74529,-0.15,53.4514,-0.13,0.0,0.0,6082.84199,-14.99,0.0,0.0,92.52,-0.01,0.0,0.0,49.45,-0.13,0.0,0.0,7.0,1.0,94.0,0.0,N,
USGA230702,1280,'2023-11-29T20:22:24.671287+05:30','2023-11-29T20:22:24.671425+05:30',1701269544,1701269544,Monday,2024-01-15 00:00:00,,0.0,1.0,0.0,63.59073,0.04,51.6997,0.04,75.2,0.0,5650.51953,-5.28,75.2,0.0,88.86,-0.14,0.61138,0.0,45.94,-0.04,0.0,0.0,5.0,0.0,94.0,0.0,N,
USGA230702,1280,'2023-11-29T20:22:24.671287+05:30','2023-11-29T20:22:24.671425+05:30',1701269544,1701269544,Tuesday,2024-01-16 00:00:00,,0.0,1.0,0.0,63.49556,0.16,51.6224,0.13,80.0,0.0,5616.65233,4.63,80.0,0.0,88.46,-0.15,0.65041,0.0,45.66,0.03,0.0,0.0,5.0,0.0,94.0,0.0,N,
USGA230702,1280,'2023-11-29T20:22:24.671287+05:30','2023-11-29T20:22:24.671425+05:30',1701269544,1701269544,Wednesday,2024-01-17 00:00:00,,0.0,1.0,0.0,65.148,0.02,52.9658,0.02,75.2,0.0,5817.74747,-4.59,75.2,0.0,89.3,-0.1,0.61138,0.0,47.3,-0.04,0.0,0.0,5.0,0.0,94.0,0.0,N,
USGA230702,1280,'2023-11-29T20:22:24.671287+05:30','2023-11-29T20:22:24.671425+05:30',1701269544,1701269544,Thursday,2024-01-18 00:00:00,,0.0,0.0,0.0,67.72109,0.08,55.0577,0.06,0.0,0.0,6213.53399,1.96,0.0,0.0,91.75,-0.08,0.0,0.0,50.52,0.02,0.0,0.0,5.0,0.0,94.0,0.0,N,
USGA230702,1280,'2023-11-29T20:22:24.671287+05:30','2023-11-29T20:22:24.671425+05:30',1701269544,1701269544,Friday,2024-01-19 00:00:00,,0.0,1.0,0.0,74.22485,0.47,60.3454,0.39,107.1,0.0,7865.53226,52.07,107.1,0.0,105.97,0.02,0.87073,0.0,63.95,0.43,0.01073,0.0,7.0,0.0,119.0,0.0,N,
USGA230702,1280,'2023-11-29T20:22:24.671287+05:30','2023-11-29T20:22:24.671425+05:30',1701269544,1701269544,Saturday,2024-01-20 00:00:00,,0.0,6.0,0.0,87.88076,0.6,71.4477,0.49,482.1,0.0,9211.29689,66.07,80.35,0.0,104.82,0.04,3.91951,0.0,74.89,0.54,0.53493,0.02,7.0,0.0,119.0,0.0,N,
USGA230702,1280,'2023-11-29T20:22:24.671287+05:30','2023-11-29T20:22:24.671425+05:30',1701269544,1701269544,Sunday,2024-01-21 00:00:00,,0.0,1.0,0.0,66.30004,-0.1,53.9024,-0.08,85.5,0.0,6115.58869,-10.16,85.5,0.0,92.24,-0.02,0.69512,0.0,49.72,-0.08,0.0,0.0,7.0,0.0,94.0,0.0,N,
USGA230702,1280,'2023-11-29T20:22:24.671287+05:30','2023-11-29T20:22:24.671425+05:30',1701269544,1701269544,Monday,2024-01-22 00:00:00,,0.0,0.0,0.0,62.60865,0.08,50.9013,0.07,0.0,0.0,5578.24568,-1.81,0.0,0.0,89.1,-0.14,0.0,0.0,45.35,-0.02,0.0,0.0,5.0,0.0,94.0,0.0,N,
USGA230702,1280,'2023-11-29T20:22:24.671287+05:30','2023-11-29T20:22:24.671425+05:30',1701269544,1701269544,Tuesday,2024-01-23 00:00:00,,0.0,0.0,0.0,62.53361,0.17,50.8403,0.14,0.0,0.0,5541.99357,5.65,0.0,0.0,88.62,-0.16,0.0,0.0,45.06,0.05,0.0,0.0,5.0,0.0,94.0,0.0,N,
USGA230702,1280,'2023-11-29T20:22:24.671287+05:30','2023-11-29T20:22:24.671425+05:30',1701269544,1701269544,Wednesday,2024-01-24 00:00:00,,0.0,0.0,0.0,64.20153,0.04,52.1963,0.03,0.0,0.0,5748.48862,-3.28,0.0,0.0,89.54,-0.1,0.0,0.0,46.74,-0.02,0.0,0.0,5.0,0.0,94.0,0.0,N,
USGA230702,1280,'2023-11-29T20:22:24.671287+05:30','2023-11-29T20:22:24.671425+05:30',1701269544,1701269544,Thursday,2024-01-25 00:00:00,,0.0,0.0,0.0,67.7624,0.0,55.0913,-0.02,0.0,0.0,6218.68368,-7.83,0.0,0.0,91.77,-0.09,0.0,0.0,50.56,-0.06,0.0,0.0,5.0,0.0,94.0,0.0,N,
USGA230702,1280,'2023-11-29T20:22:24.671287+05:30','2023-11-29T20:22:24.671425+05:30',1701269544,1701269544,Friday,2024-01-26 00:00:00,,0.0,1.0,0.0,74.01886,0.23,60.1779,0.19,95.2,0.0,7829.35872,23.57,95.2,0.0,105.78,-0.01,0.77398,0.0,63.65,0.19,0.02354,-0.1,7.0,0.0,119.0,0.0,N,
USGA230702,1280,'2023-11-29T20:22:24.671287+05:30','2023-11-29T20:22:24.671425+05:30',1701269544,1701269544,Saturday,2024-01-27 00:00:00,,0.0,1.0,0.0,80.7879,-0.3,65.6812,-0.25,95.2,0.0,8579.68544,-41.32,95.2,0.0,106.2,-0.11,0.77398,0.0,69.75,-0.34,0.02354,0.01,7.0,0.0,119.0,0.0,N,
USGA230702,1280,'2023-11-29T20:22:24.671287+05:30','2023-11-29T20:22:24.671425+05:30',1701269544,1701269544,Sunday,2024-01-28 00:00:00,,0.0,0.0,0.0,65.26208,-0.16,53.0586,-0.13,0.0,0.0,6022.56821,-17.62,0.0,0.0,92.28,-0.04,0.0,0.0,48.96,-0.15,0.0,0.0,7.0,0.0,94.0,0.0,N,
USGA230702,1280,'2023-11-29T20:22:24.671287+05:30','2023-11-29T20:22:24.671425+05:30',1701269544,1701269544,Monday,2024-01-29 00:00:00,,0.0,0.0,0.0,63.06385,0.01,51.2714,0.01,0.0,0.0,5613.63528,-7.83,0.0,0.0,89.02,-0.14,0.0,0.0,45.64,-0.06,0.0,0.0,5.0,0.0,94.0,0.0,N,
USGA230702,1280,'2023-11-29T20:22:24.671287+05:30','2023-11-29T20:22:24.671425+05:30',1701269544,1701269544,Tuesday,2024-01-30 00:00:00,,0.0,0.0,0.0,63.10065,0.09,51.3013,0.07,0.0,0.0,5587.91156,-1.46,0.0,0.0,88.56,-0.15,0.0,0.0,45.43,-0.01,0.0,0.0,5.0,0.0,94.0,0.0,N,
USGA230702,1280,'2023-11-29T20:22:24.671287+05:30','2023-11-29T20:22:24.671425+05:30',1701269544,1701269544,Wednesday,2024-01-31 00:00:00,,0.0,0.0,0.0,65.26666,0.07,53.0623,0.05,0.0,0.0,5841.64904,1.36,0.0,0.0,89.5,-0.07,0.0,0.0,47.49,0.01,0.0,0.0,5.0,0.0,94.0,0.0,N,
USGA230702,1280,'2023-11-29T20:22:24.671287+05:30','2023-11-29T20:22:24.671425+05:30',1701269544,1701269544,Thursday,2024-02-01 00:00:00,,0.0,0.0,0.0,70.91439,0.0,57.6539,-0.04,0.0,0.0,6488.89128,-0.21,0.0,0.0,91.5,0.06,0.0,0.0,52.76,0.0,0.0,0.0,5.0,0.0,94.0,0.0,N,
USGA230702,1280,'2023-11-29T20:22:24.671287+05:30','2023-11-29T20:22:24.671425+05:30',1701269544,1701269544,Friday,2024-02-02 00:00:00,,0.0,0.0,0.0,75.54535,0.21,61.4189,0.17,0.0,0.0,8032.47593,22.89,0.0,0.0,106.33,0.01,0.0,0.0,65.3,0.18,0.01492,0.0,7.0,0.0,119.0,0.0,N,
USGA230702,1280,'2023-11-29T20:22:24.671287+05:30','2023-11-29T20:22:24.671425+05:30',1701269544,1701269544,Saturday,2024-02-03 00:00:00,,0.0,0.0,0.0,83.75975,0.02,68.0973,0.02,0.0,0.0,8889.02679,-0.43,0.0,0.0,106.13,-0.03,0.0,0.0,72.27,0.0,0.14999,-0.01,7.0,0.0,119.0,0.0,N,
USGA230702,1280,'2023-11-29T20:22:24.671287+05:30','2023-11-29T20:22:24.671425+05:30',1701269544,1701269544,Sunday,2024-02-04 00:00:00,,0.0,0.0,0.0,68.41434,-0.11,55.6214,-0.09,0.0,0.0,6304.45944,-7.18,0.0,0.0,92.15,0.04,0.0,0.0,51.26,-0.05,0.0,0.0,5.0,0.0,94.0,0.0,N,
USGA230702,1280,'2023-11-29T20:22:24.671287+05:30','2023-11-29T20:22:24.671425+05:30',1701269544,1701269544,Monday,2024-02-05 00:00:00,,0.0,0.0,0.0,65.20044,0.07,53.0084,0.06,0.0,0.0,5805.62067,1.32,0.0,0.0,89.04,-0.08,0.0,0.0,47.2,0.01,0.0,0.0,5.0,0.0,94.0,0.0,N,
USGA230702,1280,'2023-11-29T20:22:24.671287+05:30','2023-11-29T20:22:24.671425+05:30',1701269544,1701269544,Tuesday,2024-02-06 00:00:00,,0.0,0.0,0.0,64.21857,0.12,52.2102,0.1,0.0,0.0,5812.70671,10.19,0.0,0.0,90.51,-0.02,0.0,0.0,47.26,0.09,0.0,0.0,4.0,0.0,98.0,-1.0,N,
USGA230702,1280,'2023-11-29T20:22:24.671287+05:30','2023-11-29T20:22:24.671425+05:30',1701269544,1701269544,Wednesday,2024-02-07 00:00:00,,0.0,0.0,0.0,66.45361,0.0,54.0273,-0.01,0.0,0.0,6019.58652,-0.86,0.0,0.0,90.58,0.0,0.0,0.0,48.94,-0.01,0.0,0.0,4.0,0.0,97.0,0.0,N,
