propertyCode,pullDateId,IDS_DATE_DAY,RateCode,RoomNights,RoomNightsPer,RoomRevenue,RoomRevenuePer,DailyAVG
US000009,919,2023-08-01,SSC,1,2,118.80,2.41,118.80
US000009,919,2023-08-01,SRTL,4,10,486.00,9.87,121.50
US000009,919,2023-08-01,SNP,1,2,95.25,1.93,95.25
US000009,919,2023-08-01,SCPM,4,10,532.59,10.82,133.15
US000009,919,2023-08-01,SBOOK,1,2,114.30,2.32,114.30
US000009,919,2023-08-01,SAPR1M,8,20,937.09,19.03,117.14
US000009,919,2023-08-01,SAPR1,3,7,335.70,6.82,111.90
US000009,919,2023-08-01,BAR,12,30,"1,683.40",34.19,140.28
US000009,919,2023-08-01,LEXP,4,10,435.88,8.85,108.97
US000009,919,2023-08-01,LDISC2,1,2,110.00,2.23,110.00
US000009,919,2023-08-01,LDISC1,1,2,75.00,1.52,75.00
US000009,919,2023-08-02,SSC,2,4,289.98,4.02,144.99
US000009,919,2023-08-02,SP2R,1,2,145.80,2.02,145.80
US000009,919,2023-08-02,SGML,1,2,160.16,2.22,160.16
US000009,919,2023-08-02,SCPM,4,8,592.95,8.22,148.24
US000009,919,2023-08-02,SBOOK,1,2,181.80,2.52,181.80
US000009,919,2023-08-02,SAPR1M,8,16,"1,180.30",16.36,147.54
US000009,919,2023-08-02,SAPR1,2,4,278.10,3.86,139.05
US000009,919,2023-08-02,BAR,27,56,"4,125.55",57.19,152.80
US000009,919,2023-08-02,LEXP,1,2,133.02,1.84,133.02
US000009,919,2023-08-02,GROUP~,1,2,126.00,1.75,126.00
US000009,919,2023-08-03,SSC,2,4,300.15,4.63,150.08
US000009,919,2023-08-03,SRTL,1,2,229.50,3.54,229.50
US000009,919,2023-08-03,SP2R,1,2,155.52,2.40,155.52
US000009,919,2023-08-03,SCPM,1,2,180.42,2.78,180.42
US000009,919,2023-08-03,SAPR1M,8,18,"1,451.80",22.38,181.48
US000009,919,2023-08-03,SAPR1,1,2,159.30,2.46,159.30
US000009,919,2023-08-03,S3A,7,15,960.07,14.80,137.15
US000009,919,2023-08-03,BAR,17,38,"2,300.95",35.47,135.35
US000009,919,2023-08-03,NPHEP,1,2,95.00,1.46,95.00
US000009,919,2023-08-03,LSTATE,1,2,98.00,1.51,98.00
US000009,919,2023-08-03,LEXP,2,4,278.05,4.29,139.03
US000009,919,2023-08-03,LDISC2,1,2,153.00,2.36,153.00
US000009,919,2023-08-03,GROUP~,1,2,126.00,1.94,126.00
US000009,919,2023-08-04,SSC,1,1,183.60,1.63,183.60
US000009,919,2023-08-04,SRTL,5,8,937.80,8.33,187.56
US000009,919,2023-08-04,SP2R,1,1,187.92,1.67,187.92
US000009,919,2023-08-04,SP2EXP,1,1,158.13,1.41,158.13
US000009,919,2023-08-04,SIT,1,1,153.00,1.36,153.00
US000009,919,2023-08-04,SGML,2,3,385.44,3.42,192.72
US000009,919,2023-08-04,SCPM,2,3,388.80,3.45,194.40
US000009,919,2023-08-04,SBOOK,5,8,965.70,8.58,193.14
US000009,919,2023-08-04,SAPR1M,5,8,982.13,8.73,196.43
US000009,919,2023-08-04,SAPR1,1,1,203.60,1.81,203.60
US000009,919,2023-08-04,S3A,5,8,807.50,7.18,161.50
US000009,919,2023-08-04,S10M2M,3,5,583.11,5.18,194.37
US000009,919,2023-08-04,BAR,20,33,"4,268.70",37.93,213.44
US000009,919,2023-08-04,NPHEP,1,1,95.00,0.84,95.00
US000009,919,2023-08-04,LSTATE,1,1,98.00,0.87,98.00
US000009,919,2023-08-04,LEXP,3,5,496.13,4.41,165.38
US000009,919,2023-08-04,LDISC2,2,3,359.70,3.20,179.85
US000009,919,2023-08-05,SSC,2,3,398.70,3.48,199.35
US000009,919,2023-08-05,SRTL,9,15,"1,693.05",14.78,188.12
US000009,919,2023-08-05,SP2R,4,6,779.22,6.80,194.81
US000009,919,2023-08-05,SP2EXP,1,1,165.79,1.45,165.79
US000009,919,2023-08-05,SIT,2,3,324.75,2.83,162.38
US000009,919,2023-08-05,SGML,2,3,416.24,3.63,208.12
US000009,919,2023-08-05,SCPM,6,10,"1,297.95",11.33,216.33
US000009,919,2023-08-05,SBOOK,3,5,677.70,5.92,225.90
US000009,919,2023-08-05,SAPR1M,4,6,830.62,7.25,207.66
US000009,919,2023-08-05,SAPR1H,1,1,160.65,1.40,160.65
US000009,919,2023-08-05,SAPR1,2,3,408.40,3.56,204.20
US000009,919,2023-08-05,S3A,7,11,"1,356.60",11.84,193.80
US000009,919,2023-08-05,S10M2M,3,5,606.20,5.29,202.07
US000009,919,2023-08-05,BAR,2,3,292.09,2.55,146.05
US000009,919,2023-08-05,NPHEP,1,1,95.00,0.83,95.00
US000009,919,2023-08-05,LWTO,1,1,178.50,1.56,178.50
US000009,919,2023-08-05,LSTATE,1,1,98.00,0.86,98.00
US000009,919,2023-08-05,LEXP,6,10,"1,149.39",10.03,191.57
US000009,919,2023-08-05,LDISC2,1,1,214.20,1.87,214.20
US000009,919,2023-08-05,GROUP~,2,3,313.20,2.73,156.60
US000009,919,2023-08-06,SSO,1,3,93.60,3.85,93.60
US000009,919,2023-08-06,SSC,2,7,225.00,9.27,112.50
US000009,919,2023-08-06,SRTL,1,3,(68.20),(2.81),(68.20)
US000009,919,2023-08-06,SP2R,3,11,312.66,12.88,104.22
US000009,919,2023-08-06,SP2EXP,1,3,89.28,3.68,89.28
US000009,919,2023-08-06,SEGEN,2,7,158.28,6.52,79.14
US000009,919,2023-08-06,SCPM,1,3,138.11,5.69,138.11
US000009,919,2023-08-06,SBOOK,1,3,132.30,5.45,132.30
US000009,919,2023-08-06,SAPR1M,3,11,349.44,14.39,116.48
US000009,919,2023-08-06,S3A,2,7,215.90,8.89,107.95
US000009,919,2023-08-06,S10M2M,1,3,97.93,4.03,97.93
US000009,919,2023-08-06,BAR,4,14,94.35,3.89,23.59
US000009,919,2023-08-06,NPHEP,1,3,95.00,3.91,95.00
US000009,919,2023-08-06,NO SHOW,0,0,139.50,5.74,0.00
US000009,919,2023-08-06,LWTO,1,3,95.25,3.92,95.25
US000009,919,2023-08-06,LEXP,1,3,91.68,3.78,91.68
US000009,919,2023-08-06,LDISC2,2,7,184.30,7.59,92.15
US000009,919,2023-08-06,GROUP~,0,0,(16.00),(0.66),0.00
US000009,919,2023-08-07,SSC,3,7,351.00,8.21,117.00
US000009,919,2023-08-07,SRTL,1,2,114.30,2.67,114.30
US000009,919,2023-08-07,SP2R,1,2,98.82,2.31,98.82
US000009,919,2023-08-07,SP2EXP,1,2,89.28,2.09,89.28
US000009,919,2023-08-07,SGML,4,10,460.56,10.77,115.14
US000009,919,2023-08-07,SEGEN,2,5,158.28,3.70,79.14
US000009,919,2023-08-07,SAPR1M,4,10,434.34,10.16,108.59
US000009,919,2023-08-07,SAPR1,1,2,115.20,2.69,115.20
US000009,919,2023-08-07,SAGOD,1,2,113.05,2.64,113.05
US000009,919,2023-08-07,S3A,4,10,473.45,11.07,118.36
US000009,919,2023-08-07,S10M2M,4,10,425.19,9.94,106.30
US000009,919,2023-08-07,BAR,4,10,506.00,11.83,126.50
US000009,919,2023-08-07,NPHEP,1,2,95.00,2.22,95.00
US000009,919,2023-08-07,LEXP,1,2,95.45,2.23,95.45
US000009,919,2023-08-07,LDISC2,4,10,436.80,10.21,109.20
US000009,919,2023-08-07,LDISC1,1,2,85.00,1.99,85.00
US000009,919,2023-08-07,GROUP~,2,5,225.00,5.26,112.50
US000009,919,2023-08-08,SSC,3,5,381.60,6.20,127.20
US000009,919,2023-08-08,SP2R,1,1,107.73,1.75,107.73
US000009,919,2023-08-08,SP2EXP,1,1,100.77,1.64,100.77
US000009,919,2023-08-08,SNP,1,1,91.50,1.49,91.50
US000009,919,2023-08-08,SGML,3,5,352.32,5.72,117.44
US000009,919,2023-08-08,SGAR,1,1,122.40,1.99,122.40
US000009,919,2023-08-08,SEGEN,2,3,165.02,2.68,82.51
US000009,919,2023-08-08,SCPM,5,9,689.83,11.21,137.97
US000009,919,2023-08-08,SBOOK,4,7,511.80,8.31,127.95
US000009,919,2023-08-08,SAPR1M,1,1,122.27,1.99,122.27
US000009,919,2023-08-08,SAPR1,2,3,258.30,4.20,129.15
US000009,919,2023-08-08,S3A,2,3,239.70,3.89,119.85
US000009,919,2023-08-08,S10M2M,7,13,770.04,12.51,110.01
US000009,919,2023-08-08,BAR,10,19,"1,313.55",21.34,131.36
US000009,919,2023-08-08,NPHEP,1,1,95.00,1.54,95.00
US000009,919,2023-08-08,LEXP,3,5,365.23,5.93,121.74
US000009,919,2023-08-08,LDISC2,2,3,243.20,3.95,121.60
US000009,919,2023-08-08,GROUP~,2,3,225.00,3.66,112.50
US000009,919,2023-08-09,SSC,5,9,717.20,10.69,143.44
US000009,919,2023-08-09,SP2EXP,1,1,112.28,1.67,112.28
US000009,919,2023-08-09,SGML,2,3,259.04,3.86,129.52
US000009,919,2023-08-09,SGM,3,5,294.00,4.38,98.00
US000009,919,2023-08-09,SCPM,3,5,426.64,6.36,142.21
US000009,919,2023-08-09,SBOOK,4,7,487.00,7.26,121.75
US000009,919,2023-08-09,SAPR1M,2,3,267.62,3.99,133.81
US000009,919,2023-08-09,SAPR1,2,3,272.70,4.06,136.35
US000009,919,2023-08-09,S3A,3,5,418.20,6.23,139.40
US000009,919,2023-08-09,S10M2M,7,13,894.76,13.34,127.82
US000009,919,2023-08-09,BAR,12,23,"1,712.35",25.52,142.70
US000009,919,2023-08-09,NSGV,3,5,294.00,4.38,98.00
US000009,919,2023-08-09,NPHEP,1,1,95.00,1.42,95.00
US000009,919,2023-08-09,LPD,1,1,129.75,1.93,129.75
US000009,919,2023-08-09,LEXP,1,1,103.71,1.55,103.71
US000009,919,2023-08-09,GROUP~,2,3,225.00,3.35,112.50
US000009,919,2023-08-10,SSC,2,3,276.30,3.81,138.15
US000009,919,2023-08-10,SRTL,4,7,488.60,6.74,122.15
US000009,919,2023-08-10,SPC,1,1,121.55,1.68,121.55
US000009,919,2023-08-10,SP2EXP,2,3,214.41,2.96,107.21
US000009,919,2023-08-10,SGML,3,5,416.56,5.75,138.85
US000009,919,2023-08-10,SCPM,3,5,428.50,5.91,142.83
US000009,919,2023-08-10,SBOOK,4,7,496.75,6.85,124.19
US000009,919,2023-08-10,SAPR1M,6,10,795.16,10.97,132.53
US000009,919,2023-08-10,SAPR1H,1,1,101.75,1.40,101.75
US000009,919,2023-08-10,S3A,3,5,369.75,5.10,123.25
US000009,919,2023-08-10,S10M2M,4,7,508.90,7.02,127.23
US000009,919,2023-08-10,BAR,9,16,"1,490.55",20.56,165.62
US000009,919,2023-08-10,NSGV,4,7,392.00,5.41,98.00
US000009,919,2023-08-10,NPHEP,2,3,190.00,2.62,95.00
US000009,919,2023-08-10,NO SHOW,0,0,156.60,2.16,0.00
US000009,919,2023-08-10,LWTO,1,1,133.50,1.84,133.50
US000009,919,2023-08-10,LEXP,4,7,444.20,6.13,111.05
US000009,919,2023-08-10,GROUP~,2,3,225.00,3.10,112.50
US000009,919,2023-08-11,SSC,2,4,351.90,4.21,175.95
US000009,919,2023-08-11,SRTL,5,10,870.75,10.42,174.15
US000009,919,2023-08-11,SP2R,3,6,473.04,5.66,157.68
US000009,919,2023-08-11,SP2EXP,1,2,141.41,1.69,141.41
US000009,919,2023-08-11,SGML,4,8,649.76,7.77,162.44
US000009,919,2023-08-11,SCPM,7,14,"1,343.17",16.07,191.88
US000009,919,2023-08-11,SBOOK,3,6,526.50,6.30,175.50
US000009,919,2023-08-11,SAPR1M,7,14,"1,182.66",14.15,168.95
US000009,919,2023-08-11,SAPR1H,1,2,144.59,1.73,144.59
US000009,919,2023-08-11,SAPR1,2,4,358.20,4.29,179.10
US000009,919,2023-08-11,S3A,2,4,355.30,4.25,177.65
US000009,919,2023-08-11,S10M2M,3,6,494.20,5.91,164.73
US000009,919,2023-08-11,BAR,2,4,383.00,4.58,191.50
US000009,919,2023-08-11,LEXP,4,8,579.09,6.93,144.77
US000009,919,2023-08-11,LDISC2,1,2,206.10,2.47,206.10
US000009,919,2023-08-11,LDISC1,1,2,203.30,2.43,203.30
US000009,919,2023-08-11,GROUP~,1,2,95.00,1.14,95.00
US000009,919,2023-08-12,SSC,4,7,768.00,9.13,192.00
US000009,919,2023-08-12,SRTL,3,5,517.50,6.15,172.50
US000009,919,2023-08-12,SP2R,3,5,477.09,5.67,159.03
US000009,919,2023-08-12,SP2EXP,1,1,141.41,1.68,141.41
US000009,919,2023-08-12,SGML,4,7,656.80,7.80,164.20
US000009,919,2023-08-12,SED,2,3,110.00,1.31,55.00
US000009,919,2023-08-12,SCPM,3,5,511.09,6.07,170.36
US000009,919,2023-08-12,SC15,1,1,150.45,1.79,150.45
US000009,919,2023-08-12,SBOOK,3,5,525.40,6.24,175.13
US000009,919,2023-08-12,SAPR1M,7,13,"1,113.56",13.23,159.08
US000009,919,2023-08-12,SAPR1H,1,1,144.59,1.72,144.59
US000009,919,2023-08-12,S10M2M,3,5,494.20,5.87,164.73
US000009,919,2023-08-12,BAR,4,7,728.00,8.65,182.00
US000009,919,2023-08-12,NSGV,1,1,98.00,1.16,98.00
US000009,919,2023-08-12,GROUP~,13,24,"1,979.82",23.52,152.29
US000009,919,2023-08-13,SSC,3,8,424.80,8.72,141.60
US000009,919,2023-08-13,SRTL,1,2,99.00,2.03,99.00
US000009,919,2023-08-13,SNP,2,5,199.50,4.10,99.75
US000009,919,2023-08-13,SCPM,2,5,204.25,4.19,102.13
US000009,919,2023-08-13,SBOOK,2,5,223.20,4.58,111.60
US000009,919,2023-08-13,SAPR1M,5,14,639.54,13.13,127.91
US000009,919,2023-08-13,S3A,1,2,130.90,2.69,130.90
US000009,919,2023-08-13,S10M2M,1,2,138.06,2.83,138.06
US000009,919,2023-08-13,BAR,1,2,159.00,3.26,159.00
US000009,919,2023-08-13,NO SHOW,0,0,320.55,6.58,0.00
US000009,919,2023-08-13,LPD2,1,2,123.20,2.53,123.20
US000009,919,2023-08-13,LEXP,1,2,119.49,2.45,119.49
US000009,919,2023-08-13,LDISC2,1,2,110.00,2.26,110.00
US000009,919,2023-08-13,GROUP~,13,38,"1,979.82",40.64,152.29
US000009,919,2023-08-14,SSC,4,7,501.30,6.92,125.33
US000009,919,2023-08-14,SRTL,1,1,99.00,1.37,99.00
US000009,919,2023-08-14,SP2EXP,1,1,104.83,1.45,104.83
US000009,919,2023-08-14,SNP,2,3,199.50,2.76,99.75
US000009,919,2023-08-14,SCPM,2,3,199.50,2.76,99.75
US000009,919,2023-08-14,SBOOK,1,1,94.50,1.31,94.50
US000009,919,2023-08-14,SAPR1M,5,9,617.33,8.53,123.47
US000009,919,2023-08-14,SAPR1,1,1,138.60,1.91,138.60
US000009,919,2023-08-14,SAGOD,1,1,135.15,1.87,135.15
US000009,919,2023-08-14,S3A,1,1,143.65,1.98,143.65
US000009,919,2023-08-14,S10M2M,1,1,138.06,1.91,138.06
US000009,919,2023-08-14,BAR,6,10,931.00,12.86,155.17
US000009,919,2023-08-14,NTVH02,2,3,235.32,3.25,117.66
US000009,919,2023-08-14,NSGV,2,3,196.00,2.71,98.00
US000009,919,2023-08-14,NEL002,1,1,143.65,1.98,143.65
US000009,919,2023-08-14,LEXP,7,12,843.95,11.66,120.56
US000009,919,2023-08-14,LDISC2,4,7,539.30,7.45,134.83
US000009,919,2023-08-14,GROUP~,13,23,"1,979.82",27.34,152.29
US000009,919,2023-08-15,SSC,2,3,236.70,3.65,118.35
US000009,919,2023-08-15,SRTL,1,1,103.50,1.60,103.50
US000009,919,2023-08-15,SP2EXP,1,1,104.83,1.62,104.83
US000009,919,2023-08-15,SNP,3,5,306.75,4.73,102.25
US000009,919,2023-08-15,SIT,1,1,115.50,1.78,115.50
US000009,919,2023-08-15,SCPM,2,3,(231.75),(3.57),(115.88)
US000009,919,2023-08-15,SBOOK,1,1,99.00,1.53,99.00
US000009,919,2023-08-15,SAPR1M,8,15,"1,004.64",15.49,125.58
US000009,919,2023-08-15,S3A,1,1,100.00,1.54,100.00
US000009,919,2023-08-15,BAR,8,15,"1,184.20",18.25,148.03
US000009,919,2023-08-15,NTVH02,2,3,227.92,3.51,113.96
US000009,919,2023-08-15,NSGV,2,3,196.00,3.02,98.00
US000009,919,2023-08-15,NEL002,1,1,143.65,2.21,143.65
US000009,919,2023-08-15,LPD3,1,1,130.90,2.02,130.90
US000009,919,2023-08-15,LEXP,2,3,246.50,3.80,123.25
US000009,919,2023-08-15,LDISC2,4,7,539.30,8.31,134.83
US000009,919,2023-08-15,GROUP~,13,24,"1,979.82",30.52,152.29
US000009,919,2023-08-16,SSC,2,3,236.70,3.18,118.35
US000009,919,2023-08-16,SPC,1,1,130.90,1.76,130.90
US000009,919,2023-08-16,SP2R,2,3,255.15,3.43,127.58
US000009,919,2023-08-16,SP2EXP,1,1,104.83,1.41,104.83
US000009,919,2023-08-16,SNP,1,1,306.75,4.12,306.75
US000009,919,2023-08-16,SIT,1,1,119.25,1.60,119.25
US000009,919,2023-08-16,SGML,1,1,130.24,1.75,130.24
US000009,919,2023-08-16,SCPM,2,3,204.25,2.74,102.13
US000009,919,2023-08-16,SBOOK,2,3,272.30,3.66,136.15
US000009,919,2023-08-16,SAPR1M,7,13,888.37,11.93,126.91
US000009,919,2023-08-16,SAPR1,1,1,164.70,2.21,164.70
US000009,919,2023-08-16,S3A,1,1,127.85,1.72,127.85
US000009,919,2023-08-16,S10M2M,1,1,128.06,1.72,128.06
US000009,919,2023-08-16,BAR,6,11,996.00,13.37,166.00
US000009,919,2023-08-16,NTVH02,2,3,235.32,3.16,117.66
US000009,919,2023-08-16,NO SHOW,0,0,129.60,1.74,0.00
US000009,919,2023-08-16,NEL002,1,1,143.65,1.93,143.65
US000009,919,2023-08-16,LWTO,1,1,115.50,1.55,115.50
US000009,919,2023-08-16,LPD3,1,1,147.05,1.97,147.05
US000009,919,2023-08-16,LEXP,1,1,123.25,1.65,123.25
US000009,919,2023-08-16,LDISC2,4,7,509.30,6.84,127.33
US000009,919,2023-08-16,GROUP~,13,25,"1,979.82",26.58,152.29
US000009,919,2023-08-17,SSC,2,3,293.40,3.62,146.70
US000009,919,2023-08-17,SRTL,4,7,568.80,7.02,142.20
US000009,919,2023-08-17,SP2R,2,3,255.15,3.15,127.58
US000009,919,2023-08-17,SNP,1,1,117.75,1.45,117.75
US000009,919,2023-08-17,SGML,1,1,103.97,1.28,103.97
US000009,919,2023-08-17,SCPM,3,5,361.42,4.46,120.47
US000009,919,2023-08-17,SBOOK,3,5,415.20,5.12,138.40
US000009,919,2023-08-17,SAPR2X,1,1,86.12,1.06,86.12
US000009,919,2023-08-17,SAPR1M,7,12,940.26,11.60,134.32
US000009,919,2023-08-17,SAPR1,1,1,448.20,5.53,448.20
US000009,919,2023-08-17,S3A,2,3,290.08,3.58,145.04
US000009,919,2023-08-17,S10M2M,1,1,128.06,1.58,128.06
US000009,919,2023-08-17,BAR,4,7,682.00,8.41,170.50
US000009,919,2023-08-17,NTVH02,4,7,498.76,6.15,124.69
US000009,919,2023-08-17,NSGV,2,3,196.00,2.42,98.00
US000009,919,2023-08-17,LPD2,2,3,284.80,3.51,142.40
US000009,919,2023-08-17,LEXP,2,3,274.55,3.39,137.28
US000009,919,2023-08-17,LDISC2,1,1,182.70,2.25,182.70
US000009,919,2023-08-17,GROUP~,13,23,"1,979.82",24.42,152.29
US000009,919,2023-08-18,SSC,3,5,547.20,5.70,182.40
US000009,919,2023-08-18,SRTL,6,10,"1,010.80",10.53,168.47
US000009,919,2023-08-18,SCPM,3,5,706.70,7.36,235.57
US000009,919,2023-08-18,SBOOK,8,14,"1,331.79",13.87,166.47
US000009,919,2023-08-18,SAPR1M,5,8,840.67,8.75,168.13
US000009,919,2023-08-18,SAPR1H,1,1,149.18,1.55,149.18
US000009,919,2023-08-18,SAPR1,4,7,752.40,7.83,188.10
US000009,919,2023-08-18,S3A,5,8,776.56,8.09,155.31
US000009,919,2023-08-18,S10M2M,1,1,169.29,1.76,169.29
US000009,919,2023-08-18,BAR,4,7,973.00,10.13,243.25
US000009,919,2023-08-18,NSGV,1,1,98.00,1.02,98.00
US000009,919,2023-08-18,LPD3,1,1,118.96,1.24,118.96
US000009,919,2023-08-18,LEXP,1,1,149.38,1.56,149.38
US000009,919,2023-08-18,GROUP~,13,23,"1,979.82",20.62,152.29
US000009,919,2023-08-19,SSC,4,7,630.10,6.47,157.53
US000009,919,2023-08-19,SRTL,8,14,"1,353.85",13.89,169.23
US000009,919,2023-08-19,SCPM,3,5,581.30,5.97,193.77
US000009,919,2023-08-19,SC15,4,7,583.10,5.98,145.78
US000009,919,2023-08-19,SBOOK,3,5,810.90,8.32,270.30
US000009,919,2023-08-19,SAPR1M,1,1,164.12,1.68,164.12
US000009,919,2023-08-19,SAPR1H,1,1,143.82,1.48,143.82
US000009,919,2023-08-19,SAPR1,2,3,378.00,3.88,189.00
US000009,919,2023-08-19,S3A,5,9,814.30,8.36,162.86
US000009,919,2023-08-19,S10M2M,1,1,169.29,1.74,169.29
US000009,919,2023-08-19,BAR,8,14,"1,663.00",17.07,207.88
US000009,919,2023-08-19,NO SHOW,0,0,184.50,1.89,0.00
US000009,919,2023-08-19,LDISC2,2,3,288.00,2.96,144.00
US000009,919,2023-08-19,GROUP~,13,23,"1,979.82",20.32,152.29
US000009,919,2023-08-20,SSC,3,7,423.90,7.90,141.30
US000009,919,2023-08-20,SGM,1,2,98.00,1.83,98.00
US000009,919,2023-08-20,SCPM,3,7,403.62,7.52,134.54
US000009,919,2023-08-20,SBOOK,5,12,593.10,11.05,118.62
US000009,919,2023-08-20,SAPR1,1,2,137.70,2.57,137.70
US000009,919,2023-08-20,S3A,2,5,251.60,4.69,125.80
US000009,919,2023-08-20,BAR,6,15,888.00,16.55,148.00
US000009,919,2023-08-20,LWTO,1,2,102.75,1.91,102.75
US000009,919,2023-08-20,LEXP,1,2,81.75,1.52,81.75
US000009,919,2023-08-20,LDISC2,1,2,110.00,2.05,110.00
US000009,919,2023-08-20,GROUP~,15,38,"2,276.10",42.41,151.74
US000009,919,2023-08-21,SSC,4,9,572.40,9.97,143.10
US000009,919,2023-08-21,SRTL,2,4,249.30,4.34,124.65
US000009,919,2023-08-21,SGM,1,2,98.00,1.71,98.00
US000009,919,2023-08-21,SCPM,2,4,246.45,4.29,123.23
US000009,919,2023-08-21,SBOOK,1,2,128.70,2.24,128.70
US000009,919,2023-08-21,SAPR1M,2,4,283.87,4.94,141.94
US000009,919,2023-08-21,SAPR1,3,7,400.50,6.98,133.50
US000009,919,2023-08-21,BAR,7,17,"1,026.00",17.87,146.57
US000009,919,2023-08-21,LPD2,1,2,127.20,2.22,127.20
US000009,919,2023-08-21,LEXP,2,4,218.69,3.81,109.35
US000009,919,2023-08-21,LDISC2,1,2,110.00,1.92,110.00
US000009,919,2023-08-21,GROUP~,15,36,"2,280.60",39.72,152.04
US000009,919,2023-08-22,SSC,2,4,298.80,4.25,149.40
US000009,919,2023-08-22,SRTL,2,4,279.00,3.97,139.50
US000009,919,2023-08-22,SNP,1,2,115.50,1.64,115.50
US000009,919,2023-08-22,SCPM,3,6,439.89,6.25,146.63
US000009,919,2023-08-22,SBOOK,1,2,149.40,2.12,149.40
US000009,919,2023-08-22,SAPR2M,1,2,98.20,1.40,98.20
US000009,919,2023-08-22,SAPR1M,4,8,604.50,8.59,151.13
US000009,919,2023-08-22,SAPR1,1,2,124.20,1.77,124.20
US000009,919,2023-08-22,S3A,1,2,140.25,1.99,140.25
US000009,919,2023-08-22,BAR,10,20,"1,549.65",22.03,154.97
US000009,919,2023-08-22,LPD3,1,2,153.85,2.19,153.85
US000009,919,2023-08-22,LPD2,1,2,136.00,1.93,136.00
US000009,919,2023-08-22,LEXP,1,2,108.97,1.55,108.97
US000009,919,2023-08-22,GROUP~,20,40,"2,835.60",40.31,141.78
US000009,919,2023-08-23,SSC,3,5,547.65,5.84,182.55
US000009,919,2023-08-23,SRTL,6,11,907.21,9.68,151.20
US000009,919,2023-08-23,SGML,1,1,135.52,1.45,135.52
US000009,919,2023-08-23,SCPM,1,1,146.30,1.56,146.30
US000009,919,2023-08-23,SBOOK,5,9,783.30,8.36,156.66
US000009,919,2023-08-23,SAPR2X,1,1,96.72,1.03,96.72
US000009,919,2023-08-23,SAPR2M,3,5,332.16,3.55,110.72
US000009,919,2023-08-23,SAPR1M,3,5,683.15,7.29,227.72
US000009,919,2023-08-23,SAPR1,1,1,256.50,2.74,256.50
US000009,919,2023-08-23,S3A,3,5,378.11,4.04,126.04
US000009,919,2023-08-23,BAR,6,11,"1,336.00",14.26,222.67
US000009,919,2023-08-23,NO SHOW,0,0,164.12,1.75,0.00
US000009,919,2023-08-23,LPD2,2,3,487.20,5.20,243.60
US000009,919,2023-08-23,LEXP,3,5,549.85,5.87,183.28
US000009,919,2023-08-23,LDISC2,1,1,140.00,1.49,140.00
US000009,919,2023-08-23,LDISC1,1,1,293.55,3.13,293.55
US000009,919,2023-08-23,GROUP~,14,25,"2,132.46",22.76,152.32
US000009,919,2023-08-24,SSC,4,10,567.00,9.97,141.75
US000009,919,2023-08-24,SGML,3,7,446.56,7.85,148.85
US000009,919,2023-08-24,SBOOK,3,7,368.00,6.47,122.67
US000009,919,2023-08-24,SAPR1M,4,10,545.50,9.59,136.38
US000009,919,2023-08-24,S3A,0,0,(36.80),(0.65),0.00
US000009,919,2023-08-24,BAR,8,20,"1,306.00",22.96,163.25
US000009,919,2023-08-24,NO SHOW,0,0,(164.12),(2.89),0.00
US000009,919,2023-08-24,LPD2,1,2,136.80,2.40,136.80
US000009,919,2023-08-24,LEXP,2,5,244.24,4.29,122.12
US000009,919,2023-08-24,LDISC2,1,2,145.35,2.56,145.35
US000009,919,2023-08-24,LDISC1,1,2,150.00,2.64,150.00
US000009,919,2023-08-24,GROUP~,13,32,"1,979.82",34.80,152.29
US000009,919,2023-08-25,SSC,2,3,438.84,3.76,219.42
US000009,919,2023-08-25,SRTL,13,22,"2,849.30",24.39,219.18
US000009,919,2023-08-25,SIT,2,3,384.68,3.29,192.34
US000009,919,2023-08-25,SGML,1,1,287.75,2.46,287.75
US000009,919,2023-08-25,SCPM,11,18,"1,986.75",17.01,180.61
US000009,919,2023-08-25,SBOOK,4,6,817.35,7.00,204.34
US000009,919,2023-08-25,SAPR1M,4,6,"1,076.41",9.22,269.10
US000009,919,2023-08-25,SAPR1,3,5,858.10,7.35,286.03
US000009,919,2023-08-25,BAR,2,3,442.70,3.79,221.35
US000009,919,2023-08-25,NSGV,1,1,98.00,0.84,98.00
US000009,919,2023-08-25,LEXP,2,3,461.27,3.95,230.64
US000009,919,2023-08-25,GROUP~,13,22,"1,979.82",16.95,152.29
US000009,919,2023-08-26,SSC,3,5,523.31,6.03,174.44
US000009,919,2023-08-26,SRTL,4,7,688.50,7.93,172.13
US000009,919,2023-08-26,SGML,1,1,171.60,1.98,171.60
US000009,919,2023-08-26,SCPM,5,9,910.58,10.49,182.12
US000009,919,2023-08-26,SBOOK,7,13,"1,243.00",14.32,177.57
US000009,919,2023-08-26,SAPR1M,4,7,737.21,8.49,184.30
US000009,919,2023-08-26,SAPR1,2,3,392.60,4.52,196.30
US000009,919,2023-08-26,S3A,1,1,130.37,1.50,130.37
US000009,919,2023-08-26,BAR,5,9,"1,021.50",11.77,204.30
US000009,919,2023-08-26,NSGV,1,1,98.00,1.13,98.00
US000009,919,2023-08-26,LSTATE,1,1,98.00,1.13,98.00
US000009,919,2023-08-26,LPD,1,1,180.00,2.07,180.00
US000009,919,2023-08-26,LEXP,2,3,303.41,3.50,151.71
US000009,919,2023-08-26,LDISC2,1,1,202.50,2.33,202.50
US000009,919,2023-08-26,GROUP~,13,25,"1,979.82",22.81,152.29
US000009,919,2023-08-27,SSC,2,7,246.60,6.36,123.30
US000009,919,2023-08-27,SRTL,2,7,247.70,6.39,123.85
US000009,919,2023-08-27,SNP,1,3,107.25,2.77,107.25
US000009,919,2023-08-27,SGM,1,3,137.00,3.53,137.00
US000009,919,2023-08-27,SAPR1M,3,10,365.94,9.44,121.98
US000009,919,2023-08-27,SAPR1,1,3,128.70,3.32,128.70
US000009,919,2023-08-27,S3A,1,3,124.95,3.22,124.95
US000009,919,2023-08-27,BAR,2,7,321.00,8.28,160.50
US000009,919,2023-08-27,LWTO,1,3,107.25,2.77,107.25
US000009,919,2023-08-27,LDISC2,1,3,110.00,2.84,110.00
US000009,919,2023-08-27,GROUP~,13,46,"1,979.82",51.08,152.29
US000009,919,2023-08-28,SSC,2,5,252.00,5.09,126.00
US000009,919,2023-08-28,SGML,1,2,130.24,2.63,130.24
US000009,919,2023-08-28,SBOOK,2,5,274.50,5.55,137.25
US000009,919,2023-08-28,SAPR1M,10,27,"1,169.67",23.64,116.97
US000009,919,2023-08-28,SAPR1,1,2,128.70,2.60,128.70
US000009,919,2023-08-28,BAR,4,10,612.00,12.37,153.00
US000009,919,2023-08-28,LWTO,1,2,99.00,2.00,99.00
US000009,919,2023-08-28,LEXP,2,5,191.28,3.87,95.64
US000009,919,2023-08-28,LDISC2,1,2,110.00,2.22,110.00
US000009,919,2023-08-28,GROUP~,13,35,"1,979.82",40.02,152.29
US000009,919,2023-08-29,SSC,1,2,123.30,2.67,123.30
US000009,919,2023-08-29,SBOOK,1,2,118.80,2.57,118.80
US000009,919,2023-08-29,SAPR1M,7,20,841.34,18.20,120.19
US000009,919,2023-08-29,SAPR1,1,2,118.80,2.57,118.80
US000009,919,2023-08-29,BAR,3,8,400.80,8.67,133.60
US000009,919,2023-08-29,NO SHOW,0,0,132.00,2.86,0.00
US000009,919,2023-08-29,LPD3,2,5,251.60,5.44,125.80
US000009,919,2023-08-29,LEXP,4,11,389.68,8.43,97.42
US000009,919,2023-08-29,LDISC2,2,5,265.70,5.75,132.85
US000009,919,2023-08-29,GROUP~,13,38,"1,979.82",42.84,152.29
US000009,919,2023-08-30,SSC,2,5,252.00,4.81,126.00
US000009,919,2023-08-30,SCPM,2,5,232.06,4.43,116.03
US000009,919,2023-08-30,SAPR1M,5,13,591.67,11.29,118.33
US000009,919,2023-08-30,SAPR1,2,5,237.60,4.53,118.80
US000009,919,2023-08-30,S10M2M,1,2,136.43,2.60,136.43
US000009,919,2023-08-30,BAR,5,13,699.00,13.34,139.80
US000009,919,2023-08-30,NO SHOW,0,0,369.27,7.05,0.00
US000009,919,2023-08-30,LWTO,1,2,115.50,2.20,115.50
US000009,919,2023-08-30,LPD3,1,2,135.15,2.58,135.15
US000009,919,2023-08-30,LEXP,6,16,638.95,12.20,106.49
US000009,919,2023-08-30,GROUP~,12,32,"1,831.68",34.96,152.64
US000009,919,2023-08-31,SSC,3,7,416.70,9.12,138.90
US000009,919,2023-08-31,SCPM,2,5,337.50,7.39,168.75
US000009,919,2023-08-31,SBOOK,1,2,124.20,2.72,124.20
US000009,919,2023-08-31,SAPR1M,5,13,634.42,13.89,126.88
US000009,919,2023-08-31,SAPR1,1,2,128.70,2.82,128.70
US000009,919,2023-08-31,S3A,1,2,123.25,2.70,123.25
US000009,919,2023-08-31,S10M2M,1,2,136.43,2.99,136.43
US000009,919,2023-08-31,BAR,2,5,(312.00),(6.83),(156.00)
US000009,919,2023-08-31,NO SHOW,0,0,140.00,3.07,0.00
US000009,919,2023-08-31,LPD3,1,2,135.15,2.96,135.15
US000009,919,2023-08-31,LEXP,6,15,672.99,14.74,112.17
US000009,919,2023-08-31,LDISC2,3,7,198.00,4.34,66.00
US000009,919,2023-08-31,GROUP~,12,31,"1,831.68",40.11,152.64
US000009,919,2023-09-01,SSC,2,5,419.40,5.48,209.70
US000009,919,2023-09-01,SRTL,4,10,723.65,9.46,180.91
US000009,919,2023-09-01,SGML,5,12,891.84,11.66,178.37
US000009,919,2023-09-01,SCPM,2,5,321.25,4.20,160.63
US000009,919,2023-09-01,SBOOK,6,15,"1,162.80",15.20,193.80
US000009,919,2023-09-01,SAPR1M,5,12,"1,096.74",14.34,219.35
US000009,919,2023-09-01,SAPR1,1,2,157.50,2.06,157.50
US000009,919,2023-09-01,SAGOD,1,2,140.25,1.83,140.25
US000009,919,2023-09-01,S3A,2,5,364.85,4.77,182.43
US000009,919,2023-09-01,BAR,6,15,"1,380.00",18.04,230.00
US000009,919,2023-09-01,NO SHOW,0,0,229.50,3.00,0.00
US000009,919,2023-09-01,LSTATE,1,2,98.00,1.28,98.00
US000009,919,2023-09-01,LPD2,1,2,204.00,2.67,204.00
US000009,919,2023-09-01,LEXP,3,7,460.53,6.02,153.51
US000009,919,2023-09-02,SSC,2,4,504.00,5.78,252.00
US000009,919,2023-09-02,SRTL,3,6,634.50,7.27,211.50
US000009,919,2023-09-02,SIT,1,2,146.25,1.68,146.25
US000009,919,2023-09-02,SGML,4,8,846.08,9.70,211.52
US000009,919,2023-09-02,SCPM,1,2,298.30,3.42,298.30
US000009,919,2023-09-02,SC15,2,4,261.10,2.99,130.55
US000009,919,2023-09-02,SBOOK,7,15,"1,291.50",14.80,184.50
US000009,919,2023-09-02,SAPR1M,7,15,"1,326.89",15.21,189.56
US000009,919,2023-09-02,SAPR1,2,4,455.60,5.22,227.80
US000009,919,2023-09-02,S3A,4,8,723.95,8.30,180.99
US000009,919,2023-09-02,BAR,5,10,895.00,10.26,179.00
US000009,919,2023-09-02,LWTO,1,2,151.25,1.73,151.25
US000009,919,2023-09-02,LPD3,1,2,258.40,2.96,258.40
US000009,919,2023-09-02,LPD2,0,0,(30.00),(0.34),0.00
US000009,919,2023-09-02,LEXP,5,10,821.21,9.41,164.24
US000009,919,2023-09-02,LDISC2,1,2,140.25,1.61,140.25
US000009,919,2023-09-03,SSC,3,9,441.00,10.36,147.00
US000009,919,2023-09-03,SRTL,2,6,243.00,5.71,121.50
US000009,919,2023-09-03,SRD Rate,1,3,51.12,1.20,51.12
US000009,919,2023-09-03,SGML,2,6,207.20,4.87,103.60
US000009,919,2023-09-03,SCPM,1,3,139.50,3.28,139.50
US000009,919,2023-09-03,SBOOK,3,9,441.90,10.38,147.30
US000009,919,2023-09-03,SAPR1M,5,15,613.91,14.42,122.78
US000009,919,2023-09-03,SAPR1,1,3,153.10,3.60,153.10
US000009,919,2023-09-03,S3A,1,3,130.90,3.08,130.90
US000009,919,2023-09-03,BAR,4,12,636.00,14.94,159.00
US000009,919,2023-09-03,NO SHOW,0,0,167.40,3.93,0.00
US000009,919,2023-09-03,LPD3,4,12,514.25,12.08,128.56
US000009,919,2023-09-03,LEXP,5,15,516.82,12.14,103.36
US000009,919,2023-09-04,SSC,2,12,216.00,12.16,108.00
US000009,919,2023-09-04,SRTL,2,12,217.10,12.22,108.55
US000009,919,2023-09-04,SC15,1,6,133.07,7.49,133.07
US000009,919,2023-09-04,SBOOK,2,12,213.30,12.01,106.65
US000009,919,2023-09-04,SAPR1,1,6,119.70,6.74,119.70
US000009,919,2023-09-04,SAGOD,1,6,103.70,5.84,103.70
US000009,919,2023-09-04,S3A,1,6,108.80,6.13,108.80
US000009,919,2023-09-04,BAR,2,12,255.00,14.36,127.50
US000009,919,2023-09-04,LPD3,2,12,206.55,11.63,103.28
US000009,919,2023-09-04,LEXP,1,6,92.73,5.22,92.73
US000009,919,2023-09-04,LDISC2,1,6,110.00,6.19,110.00
US000009,919,2023-09-05,SSC,2,7,323.10,10.13,161.55
US000009,919,2023-09-05,SRTL,1,3,128.70,4.04,128.70
US000009,919,2023-09-05,SPC,1,3,93.50,2.93,93.50
US000009,919,2023-09-05,SNP,1,3,82.50,2.59,82.50
US000009,919,2023-09-05,SGM,2,7,196.00,6.15,98.00
US000009,919,2023-09-05,SC15,1,3,129.16,4.05,129.16
US000009,919,2023-09-05,SBOOK,1,3,109.80,3.44,109.80
US000009,919,2023-09-05,SAPR1M,5,17,552.34,17.32,110.47
US000009,919,2023-09-05,BAR,8,28,991.30,31.09,123.91
US000009,919,2023-09-05,LWTO,1,3,91.50,2.87,91.50
US000009,919,2023-09-05,LPD3,1,3,107.95,3.39,107.95
US000009,919,2023-09-05,LNET2,1,3,91.50,2.87,91.50
US000009,919,2023-09-05,LEXP,2,7,181.12,5.68,90.56
US000009,919,2023-09-05,LDISC2,1,3,110.00,3.45,110.00
US000009,919,2023-09-06,SSC,1,2,109.80,2.74,109.80
US000009,919,2023-09-06,SRTL,1,2,128.70,3.21,128.70
US000009,919,2023-09-06,SPC,1,2,93.50,2.34,93.50
US000009,919,2023-09-06,SGM,2,5,196.00,4.90,98.00
US000009,919,2023-09-06,SCPM,2,5,231.57,5.78,115.79
US000009,919,2023-09-06,SC15,1,2,139.23,3.48,139.23
US000009,919,2023-09-06,SBOOK,3,8,345.60,8.63,115.20
US000009,919,2023-09-06,SAPR1M,4,11,448.03,11.19,112.01
US000009,919,2023-09-06,SAPR1,1,2,118.80,2.97,118.80
US000009,919,2023-09-06,BAR,11,31,"1,379.00",34.44,125.36
US000009,919,2023-09-06,LEXP,3,8,260.81,6.51,86.94
US000009,919,2023-09-06,LDISC2,5,14,552.80,13.81,110.56
US000009,919,2023-09-07,SSO,1,2,114.40,2.59,114.40
US000009,919,2023-09-07,SSC,1,2,128.70,2.91,128.70
US000009,919,2023-09-07,SRTL,1,2,132.30,2.99,132.30
US000009,919,2023-09-07,SGM,2,5,196.00,4.43,98.00
US000009,919,2023-09-07,SCPM,4,11,538.47,12.18,134.62
US000009,919,2023-09-07,SC15,1,2,129.07,2.92,129.07
US000009,919,2023-09-07,SBOOK,1,2,99.00,2.24,99.00
US000009,919,2023-09-07,SAPR1M,3,8,513.61,11.61,171.20
US000009,919,2023-09-07,S3A,1,2,121.55,2.75,121.55
US000009,919,2023-09-07,BAR,9,26,"1,200.01",27.13,133.33
US000009,919,2023-09-07,LPD3,1,2,125.80,2.84,125.80
US000009,919,2023-09-07,LPD2,1,2,118.40,2.68,118.40
US000009,919,2023-09-07,LEXP,1,2,95.64,2.16,95.64
US000009,919,2023-09-07,LDISC2,1,2,128.70,2.91,128.70
US000009,919,2023-09-07,GROUP~,6,17,781.00,17.66,130.17
US000009,919,2023-09-08,SRTL,3,5,573.30,5.64,191.10
US000009,919,2023-09-08,SNP,1,1,169.15,1.66,169.15
US000009,919,2023-09-08,SGML,1,1,201.52,1.98,201.52
US000009,919,2023-09-08,SCPM,5,8,"1,011.35",9.95,202.27
US000009,919,2023-09-08,SBOOK,1,1,179.10,1.76,179.10
US000009,919,2023-09-08,SAPR1M,8,14,"1,680.54",16.53,210.07
US000009,919,2023-09-08,S3A,8,14,"1,421.20",13.98,177.65
US000009,919,2023-09-08,BAR,5,8,"1,110.00",10.92,222.00
US000009,919,2023-09-08,LEXP,1,1,201.24,1.98,201.24
US000009,919,2023-09-08,LDISC2,3,5,537.00,5.28,179.00
US000009,919,2023-09-08,GTR,3,5,407.40,4.01,135.80
US000009,919,2023-09-08,GROUP~,18,31,"2,673.64",26.30,148.54
US000009,919,2023-09-09,SSC,3,6,574.20,7.25,191.40
US000009,919,2023-09-09,SRTL,5,10,856.70,10.82,171.34
US000009,919,2023-09-09,SRD Rate,1,2,73.04,0.92,73.04
US000009,919,2023-09-09,SGML,1,2,201.52,2.54,201.52
US000009,919,2023-09-09,SCPM,4,8,901.00,11.37,225.25
US000009,919,2023-09-09,SBOOK,2,4,377.00,4.76,188.50
US000009,919,2023-09-09,SAPR1M,4,8,812.76,10.26,203.19
US000009,919,2023-09-09,SAPR1G,1,2,149.18,1.88,149.18
US000009,919,2023-09-09,SAPR1,7,14,"1,263.60",15.95,180.51
US000009,919,2023-09-09,S3A,5,10,"1,108.90",14.00,221.78
US000009,919,2023-09-09,BAR,2,4,(455.00),(5.74),(227.50)
US000009,919,2023-09-09,NPHEP,1,2,95.00,1.20,95.00
US000009,919,2023-09-09,NO SHOW,0,0,288.00,3.64,0.00
US000009,919,2023-09-09,LEXP2,1,2,188.99,2.39,188.99
US000009,919,2023-09-09,LEXP,9,18,"1,460.43",18.44,162.27
US000009,919,2023-09-09,LDISC2,2,4,25.60,0.32,12.80
US000009,919,2023-09-10,SRTL,2,8,221.13,8.80,110.57
US000009,919,2023-09-10,SGML,1,4,117.04,4.66,117.04
US000009,919,2023-09-10,SEGEN,1,4,79.00,3.15,79.00
US000009,919,2023-09-10,SCPM,1,4,102.30,4.07,102.30
US000009,919,2023-09-10,SAPR1M,1,4,122.27,4.87,122.27
US000009,919,2023-09-10,SAPR1,1,4,126.00,5.02,126.00
US000009,919,2023-09-10,S3A,1,4,117.30,4.67,117.30
US000009,919,2023-09-10,BAR,4,16,355.60,14.16,88.90
US000009,919,2023-09-10,PKPR2,3,12,444.00,17.68,148.00
US000009,919,2023-09-10,NTVH02,1,4,94.72,3.77,94.72
US000009,919,2023-09-10,LPD2,1,4,106.40,4.24,106.40
US000009,919,2023-09-10,LEXP2,1,4,83.42,3.32,83.42
US000009,919,2023-09-10,LEXP,5,20,448.38,17.85,89.68
US000009,919,2023-09-10,LDISC2,1,4,94.00,3.74,94.00
US000009,919,2023-09-11,SRTL,5,12,587.61,11.77,117.52
US000009,919,2023-09-11,SO2M2M,1,2,110.11,2.20,110.11
US000009,919,2023-09-11,SO20M2,1,2,118.40,2.37,118.40
US000009,919,2023-09-11,SGML,1,2,130.24,2.61,130.24
US000009,919,2023-09-11,SCPM,5,12,607.29,12.16,121.46
US000009,919,2023-09-11,SBOOK,2,5,270.90,5.42,135.45
US000009,919,2023-09-11,SAPR1M,2,5,267.62,5.36,133.81
US000009,919,2023-09-11,SAPR1,1,2,142.20,2.85,142.20
US000009,919,2023-09-11,BAR,6,15,856.30,17.15,142.72
US000009,919,2023-09-11,NTVH02,1,2,97.68,1.96,97.68
US000009,919,2023-09-11,NEHR02,1,2,135.15,2.71,135.15
US000009,919,2023-09-11,LPD2,2,5,254.40,5.09,127.20
US000009,919,2023-09-11,LOPQ2,1,2,119.25,2.39,119.25
US000009,919,2023-09-11,LNET2,3,7,410.88,8.23,136.96
US000009,919,2023-09-11,LEXP,5,12,489.69,9.81,97.94
US000009,919,2023-09-11,LDISC2,1,2,94.00,1.88,94.00
US000009,919,2023-09-11,LDISC1,2,5,302.10,6.05,151.05
US000009,919,2023-09-12,SSC,1,2,128.70,2.73,128.70
US000009,919,2023-09-12,SRTL,4,10,481.86,10.20,120.47
US000009,919,2023-09-12,SO2M2M,2,5,212.04,4.49,106.02
US000009,919,2023-09-12,SO20M2,1,2,118.40,2.51,118.40
US000009,919,2023-09-12,SNP,1,2,99.00,2.10,99.00
US000009,919,2023-09-12,SGML,1,2,130.24,2.76,130.24
US000009,919,2023-09-12,SCPM,5,13,667.74,14.14,133.55
US000009,919,2023-09-12,SAPR2M,1,2,121.54,2.57,121.54
US000009,919,2023-09-12,SAPR1,1,2,145.80,3.09,145.80
US000009,919,2023-09-12,BAR,4,10,558.80,11.83,139.70
US000009,919,2023-09-12,PKPR3,1,2,205.50,4.35,205.50
US000009,919,2023-09-12,NTVH02,1,2,97.68,2.07,97.68
US000009,919,2023-09-12,LWTO,1,2,107.25,2.27,107.25
US000009,919,2023-09-12,LPD2,1,2,109.60,2.32,109.60
US000009,919,2023-09-12,LNET2,4,10,547.84,11.60,136.96
US000009,919,2023-09-12,LEXP,5,13,507.40,10.74,101.48
US000009,919,2023-09-12,LDISC2,2,5,222.70,4.72,111.35
US000009,919,2023-09-12,LDISC1,2,5,260.30,5.51,130.15
US000009,919,2023-09-13,SSC,4,10,578.70,10.60,144.68
US000009,919,2023-09-13,SRTL,4,10,504.00,9.24,126.00
US000009,919,2023-09-13,SO2M2M,2,5,224.69,4.12,112.35
US000009,919,2023-09-13,SO20M2,3,7,381.60,6.99,127.20
US000009,919,2023-09-13,SNP,1,2,107.25,1.97,107.25
US000009,919,2023-09-13,SCPM,6,15,737.36,13.51,122.89
US000009,919,2023-09-13,SAPR2M,1,2,121.45,2.23,121.45
US000009,919,2023-09-13,SAPR1M,4,10,538.66,9.87,134.67
US000009,919,2023-09-13,BAR,3,7,311.70,5.71,103.90
US000009,919,2023-09-13,NO SHOW,0,0,481.52,8.82,0.00
US000009,919,2023-09-13,LPD2,1,2,127.20,2.33,127.20
US000009,919,2023-09-13,LNET2,4,10,547.84,10.04,136.96
US000009,919,2023-09-13,LEXP,5,12,539.28,9.88,107.86
US000009,919,2023-09-13,LDISC2,2,5,256.00,4.69,128.00
US000009,919,2023-09-14,SSO,1,1,135.20,1.95,135.20
US000009,919,2023-09-14,SSC,2,3,291.60,4.21,145.80
US000009,919,2023-09-14,SRTL,5,9,727.31,10.50,145.46
US000009,919,2023-09-14,SO2M2M,2,3,232.88,3.36,116.44
US000009,919,2023-09-14,SO20M2,3,5,381.60,5.51,127.20
US000009,919,2023-09-14,SCPM,6,11,880.00,12.70,146.67
US000009,919,2023-09-14,SBOOK,5,9,679.90,9.81,135.98
US000009,919,2023-09-14,SAPR2M,1,1,124.74,1.80,124.74
US000009,919,2023-09-14,SAPR1M,2,3,303.53,4.38,151.77
US000009,919,2023-09-14,SAPR1,2,3,267.30,3.86,133.65
US000009,919,2023-09-14,S3A,3,5,410.55,5.93,136.85
US000009,919,2023-09-14,BAR,5,9,824.05,11.89,164.81
US000009,919,2023-09-14,NPHEP,1,1,95.00,1.37,95.00
US000009,919,2023-09-14,LPD3,2,3,289.00,4.17,144.50
US000009,919,2023-09-14,LOPQ2,1,1,127.50,1.84,127.50
US000009,919,2023-09-14,LNET2,4,7,547.84,7.91,136.96
US000009,919,2023-09-14,LEXP,5,9,610.59,8.81,122.12
US000009,919,2023-09-14,LDISC2,1,1,0.00,0.00,0.00
US000009,919,2023-09-15,SSO,1,1,185.20,2.09,185.20
US000009,919,2023-09-15,SSC,1,1,183.60,2.07,183.60
US000009,919,2023-09-15,SRTL,5,9,877.58,9.91,175.52
US000009,919,2023-09-15,SO2M2M,1,1,155.04,1.75,155.04
US000009,919,2023-09-15,SO20M2,3,5,489.60,5.53,163.20
US000009,919,2023-09-15,SIT,1,1,166.13,1.88,166.13
US000009,919,2023-09-15,SED,1,1,55.00,0.62,55.00
US000009,919,2023-09-15,SCPM,4,7,809.74,9.14,202.44
US000009,919,2023-09-15,SBOOK,4,7,698.90,7.89,174.73
US000009,919,2023-09-15,SAPR2M,1,1,157.32,1.78,157.32
US000009,919,2023-09-15,SAPR1M,7,13,"1,225.70",13.84,175.10
US000009,919,2023-09-15,S3A,4,7,728.43,8.23,182.11
US000009,919,2023-09-15,BAR,6,11,"1,076.25",12.15,179.38
US000009,919,2023-09-15,LPD3,2,3,429.25,4.85,214.63
US000009,919,2023-09-15,LNET2,4,7,547.84,6.19,136.96
US000009,919,2023-09-15,LEXP,3,5,499.04,5.64,166.35
US000009,919,2023-09-15,LDISC2,5,9,570.22,6.44,114.04
US000009,919,2023-09-16,SSO,1,2,185.20,2.08,185.20
US000009,919,2023-09-16,SSC,1,2,285.30,3.20,285.30
US000009,919,2023-09-16,SRTL,4,8,467.58,5.25,116.90
US000009,919,2023-09-16,SO2M2M,1,2,231.04,2.59,231.04
US000009,919,2023-09-16,SIT,1,2,166.13,1.87,166.13
US000009,919,2023-09-16,SED,1,2,55.00,0.62,55.00
US000009,919,2023-09-16,SCPM,3,6,555.04,6.23,185.01
US000009,919,2023-09-16,SBOOK,5,10,905.00,10.16,181.00
US000009,919,2023-09-16,SAPR2M,1,2,157.32,1.77,157.32
US000009,919,2023-09-16,SAPR1M,4,8,807.84,9.07,201.96
US000009,919,2023-09-16,SAPR1,3,6,565.65,6.35,188.55
US000009,919,2023-09-16,S3A,4,8,793.48,8.91,198.37
US000009,919,2023-09-16,BAR,4,8,568.75,6.39,142.19
US000009,919,2023-09-16,LPD3,1,2,216.75,2.43,216.75
US000009,919,2023-09-16,LNET2,4,8,547.84,6.15,136.96
US000009,919,2023-09-16,LEXP2,1,2,154.58,1.74,154.58
US000009,919,2023-09-16,LEXP,6,12,"1,047.31",11.76,174.55
US000009,919,2023-09-16,LDISC2,5,10,"1,195.33",13.42,239.07
US000009,919,2023-09-17,SSC,3,14,321.35,18.86,107.12
US000009,919,2023-09-17,SRTL,1,4,114.85,6.74,114.85
US000009,919,2023-09-17,SIT,1,4,86.25,5.06,86.25
US000009,919,2023-09-17,SBOOK,2,9,257.40,15.11,128.70
US000009,919,2023-09-17,SAPR1M,4,19,460.86,27.05,115.22
US000009,919,2023-09-17,S3A,2,9,101.66,5.97,50.83
US000009,919,2023-09-17,BAR,1,4,133.00,7.81,133.00
US000009,919,2023-09-17,LPD,1,4,111.00,6.51,111.00
US000009,919,2023-09-17,LEXP,3,14,292.70,17.18,97.57
US000009,919,2023-09-17,LDISC2,2,9,(311.00),(18.25),(155.50)
US000009,919,2023-09-17,LDISC1,1,4,135.85,7.97,135.85
US000009,919,2023-09-18,SSC,2,6,215.64,5.45,107.82
US000009,919,2023-09-18,SRTL,2,6,243.87,6.16,121.94
US000009,919,2023-09-18,SO2M2M,1,3,94.49,2.39,94.49
US000009,919,2023-09-18,SO2G,1,3,93.16,2.35,93.16
US000009,919,2023-09-18,SNP,1,3,99.00,2.50,99.00
US000009,919,2023-09-18,SCPM,2,6,256.59,6.48,128.30
US000009,919,2023-09-18,SAPR1M,5,15,613.04,15.48,122.61
US000009,919,2023-09-18,SAPR1,1,3,123.30,3.11,123.30
US000009,919,2023-09-18,S3A,4,12,461.85,11.66,115.46
US000009,919,2023-09-18,BAR,3,9,446.00,11.26,148.67
US000009,919,2023-09-18,NTVH02,2,6,235.32,5.94,117.66
US000009,919,2023-09-18,LPD3,1,3,135.15,3.41,135.15
US000009,919,2023-09-18,LPD2,1,3,147.20,3.72,147.20
US000009,919,2023-09-18,LPD,1,3,124.99,3.16,124.99
US000009,919,2023-09-18,LEXP,2,6,221.70,5.60,110.85
US000009,919,2023-09-18,LDISC2,4,12,449.00,11.34,112.25
US000009,919,2023-09-19,SSC,4,8,485.01,8.43,121.25
US000009,919,2023-09-19,SRTL,1,2,122.85,2.13,122.85
US000009,919,2023-09-19,SO2R,1,2,114.40,1.99,114.40
US000009,919,2023-09-19,SO2M2M,1,2,101.93,1.77,101.93
US000009,919,2023-09-19,SO2G,1,2,99.96,1.74,99.96
US000009,919,2023-09-19,SNP,1,2,107.25,1.86,107.25
US000009,919,2023-09-19,SGML,1,2,139.92,2.43,139.92
US000009,919,2023-09-19,SCPM,5,11,591.80,10.28,118.36
US000009,919,2023-09-19,SAPR1M,3,6,387.32,6.73,129.11
US000009,919,2023-09-19,SAPR1,1,2,133.20,2.31,133.20
US000009,919,2023-09-19,S3A,4,8,502.90,8.74,125.73
US000009,919,2023-09-19,BAR,12,26,"1,791.05",31.12,149.25
US000009,919,2023-09-19,NTVH02,2,4,235.32,4.09,117.66
US000009,919,2023-09-19,LWTO,1,2,86.25,1.50,86.25
US000009,919,2023-09-19,LPD3,1,2,135.15,2.35,135.15
US000009,919,2023-09-19,LPD2,1,2,147.20,2.56,147.20
US000009,919,2023-09-19,LPD,3,6,359.74,6.25,119.91
US000009,919,2023-09-19,LOPQ2,1,2,119.25,2.07,119.25
US000009,919,2023-09-19,LDISC2,1,2,94.00,1.63,94.00
US000009,919,2023-09-20,SSC,5,11,623.52,14.97,124.70
US000009,919,2023-09-20,SRTL,1,2,122.95,2.95,122.95
US000009,919,2023-09-20,SRD Rate,0,0,(0.01),0.00,0.00
US000009,919,2023-09-20,SO2R,1,2,114.40,2.75,114.40
US000009,919,2023-09-20,SO2M2M,1,2,109.37,2.63,109.37
US000009,919,2023-09-20,SGML,3,7,445.46,10.70,148.49
US000009,919,2023-09-20,SCPM,2,4,245.99,5.91,123.00
US000009,919,2023-09-20,SBOOK,1,2,125.95,3.02,125.95
US000009,919,2023-09-20,SAPR1M,5,11,678.02,16.28,135.60
US000009,919,2023-09-20,SAPR1,1,2,133.20,3.20,133.20
US000009,919,2023-09-20,S3A,3,7,360.06,8.65,120.02
US000009,919,2023-09-20,BAR,9,21,"1,449.00",34.80,161.00
US000009,919,2023-09-20,NTVH02,2,4,251.60,6.04,125.80
US000009,919,2023-09-20,NO SHOW,0,0,(255.28),(6.13),0.00
US000009,919,2023-09-20,LWTO,1,2,86.25,2.07,86.25
US000009,919,2023-09-20,LPD3,2,4,293.25,7.04,146.63
US000009,919,2023-09-20,LPD,2,4,248.74,5.97,124.37
US000009,919,2023-09-20,LDISC2,3,7,(789.49),(18.96),(263.16)
US000009,919,2023-09-20,LDISC1,0,0,(79.00),(1.90),0.00
US000009,919,2023-09-21,SSC,6,13,"1,016.14",15.80,169.36
US000009,919,2023-09-21,SRTL,4,9,577.25,8.98,144.31
US000009,919,2023-09-21,SO2M2M,1,2,125.74,1.96,125.74
US000009,919,2023-09-21,SGML,5,11,830.24,12.91,166.05
US000009,919,2023-09-21,SGM,1,2,98.00,1.52,98.00
US000009,919,2023-09-21,SCPM,5,11,822.31,12.79,164.46
US000009,919,2023-09-21,SBOOK,1,2,127.10,1.98,127.10
US000009,919,2023-09-21,SAPR2H,2,4,184.36,2.87,92.18
US000009,919,2023-09-21,SAPR1M,2,4,365.94,5.69,182.97
US000009,919,2023-09-21,SAARP,1,2,124.70,1.94,124.70
US000009,919,2023-09-21,S3A,3,6,344.60,5.36,114.87
US000009,919,2023-09-21,BAR,5,11,831.00,12.92,166.20
US000009,919,2023-09-21,LWTO,1,2,99.23,1.54,99.23
US000009,919,2023-09-21,LPD3,2,4,327.65,5.09,163.83
US000009,919,2023-09-21,LPD,1,2,124.99,1.94,124.99
US000009,919,2023-09-21,LEXP,1,2,144.18,2.24,144.18
US000009,919,2023-09-21,LDISC2,2,4,287.60,4.47,143.80
US000009,919,2023-09-22,SSC,5,11,929.70,11.01,185.94
US000009,919,2023-09-22,SRTL,4,8,830.95,9.84,207.74
US000009,919,2023-09-22,SGML,4,8,711.66,8.43,177.92
US000009,919,2023-09-22,SCPM,10,22,"1,835.34",21.74,183.53
US000009,919,2023-09-22,SBOOK,1,2,151.90,1.80,151.90
US000009,919,2023-09-22,SAPR2X,3,6,333.52,3.95,111.17
US000009,919,2023-09-22,SAPR2M,1,2,134.11,1.59,134.11
US000009,919,2023-09-22,SAPR2H,1,2,111.65,1.32,111.65
US000009,919,2023-09-22,SAPR1M,1,2,135.49,1.61,135.49
US000009,919,2023-09-22,SAARP,1,2,193.50,2.29,193.50
US000009,919,2023-09-22,BAR,6,13,"1,578.00",18.69,263.00
US000009,919,2023-09-22,NO SHOW,0,0,136.80,1.62,0.00
US000009,919,2023-09-22,LPD3,4,8,573.76,6.80,143.44
US000009,919,2023-09-22,LPD,1,2,124.99,1.48,124.99
US000009,919,2023-09-22,LEXP,1,2,220.36,2.61,220.36
US000009,919,2023-09-22,LDISC2,2,4,439.35,5.20,219.68
US000009,919,2023-09-23,SSC,2,6,277.47,4.21,138.74
US000009,919,2023-09-23,SRTL,2,6,367.20,5.57,183.60
US000009,919,2023-09-23,SGML,3,9,556.94,8.45,185.65
US000009,919,2023-09-23,SCPM,5,15,"1,027.20",15.58,205.44
US000009,919,2023-09-23,SBOOK,2,6,324.15,4.92,162.08
US000009,919,2023-09-23,SAPR1M,3,9,553.98,8.40,184.66
US000009,919,2023-09-23,S3A,2,6,283.90,4.31,141.95
US000009,919,2023-09-23,BAR,4,12,538.00,8.16,134.50
US000009,919,2023-09-23,NO SHOW,0,0,"1,166.40",17.69,0.00
US000009,919,2023-09-23,LPD3,3,9,413.35,6.27,137.78
US000009,919,2023-09-23,LPD,1,3,124.99,1.90,124.99
US000009,919,2023-09-23,LEXP,3,9,502.00,7.62,167.33
US000009,919,2023-09-23,LDISC2,2,6,367.20,5.57,183.60
US000009,919,2023-09-23,GTR,1,3,89.00,1.35,89.00
US000009,919,2023-09-24,SO2M2M,1,4,117.55,4.68,117.55
US000009,919,2023-09-24,SGML,2,8,282.48,11.24,141.24
US000009,919,2023-09-24,SCPM,2,8,19.43,0.77,9.72
US000009,919,2023-09-24,SAPR1M,3,13,366.81,14.59,122.27
US000009,919,2023-09-24,SAPR1,1,4,142.20,5.66,142.20
US000009,919,2023-09-24,SAARP,1,4,128.70,5.12,128.70
US000009,919,2023-09-24,S3A,2,8,213.69,8.50,106.85
US000009,919,2023-09-24,BAR,3,13,384.20,15.28,128.07
US000009,919,2023-09-24,LPD3,2,8,202.98,8.07,101.49
US000009,919,2023-09-24,LPD,1,4,111.00,4.41,111.00
US000009,919,2023-09-24,LEXP,3,13,318.05,12.65,106.02
US000009,919,2023-09-24,LDISC2,2,8,227.20,9.04,113.60
US000009,919,2023-09-25,SRTL,2,5,198.81,4.96,99.41
US000009,919,2023-09-25,SO2M2M,1,2,117.55,2.94,117.55
US000009,919,2023-09-25,SNP,1,2,82.50,2.06,82.50
US000009,919,2023-09-25,SGML,2,5,242.00,6.04,121.00
US000009,919,2023-09-25,SCPM,1,2,165.54,4.13,165.54
US000009,919,2023-09-25,SBOOK,1,2,142.20,3.55,142.20
US000009,919,2023-09-25,SAPR1M,4,11,501.89,12.53,125.47
US000009,919,2023-09-25,SAPR1,0,0,(14.96),(0.37),0.00
US000009,919,2023-09-25,S3A,2,5,198.60,4.96,99.30
US000009,919,2023-09-25,BAR,5,14,730.00,18.23,146.00
US000009,919,2023-09-25,LPD3,2,5,202.98,5.07,101.49
US000009,919,2023-09-25,LPD2,1,2,118.40,2.96,118.40
US000009,919,2023-09-25,LPD,1,2,111.00,2.77,111.00
US000009,919,2023-09-25,LNET2,1,2,110.44,2.76,110.44
US000009,919,2023-09-25,LEXP,5,14,500.75,12.50,100.15
US000009,919,2023-09-25,LDISC2,5,14,596.80,14.90,119.36
US000009,919,2023-09-26,SRTL,1,2,100.03,2.48,100.03
US000009,919,2023-09-26,SO2EXP,1,2,85.01,2.10,85.01
US000009,919,2023-09-26,SO20M2,1,2,111.00,2.75,111.00
US000009,919,2023-09-26,SNP,2,5,181.50,4.49,90.75
US000009,919,2023-09-26,SGML,3,8,372.24,9.22,124.08
US000009,919,2023-09-26,SCPM,1,2,165.54,4.10,165.54
US000009,919,2023-09-26,SAPR1M,5,14,594.24,14.71,118.85
US000009,919,2023-09-26,SAPR1,1,2,123.30,3.05,123.30
US000009,919,2023-09-26,SAARP,3,8,399.60,9.89,133.20
US000009,919,2023-09-26,S3A,2,5,199.24,4.93,99.62
US000009,919,2023-09-26,BAR,5,14,690.15,17.09,138.03
US000009,919,2023-09-26,LWTO,1,2,99.00,2.45,99.00
US000009,919,2023-09-26,LPD3,3,8,377.40,9.34,125.80
US000009,919,2023-09-26,LNET2,1,2,110.44,2.73,110.44
US000009,919,2023-09-26,LEXP,2,5,213.02,5.27,106.51
US000009,919,2023-09-26,LDISC2,2,5,217.30,5.38,108.65
US000009,919,2023-09-27,SSC,1,3,115.90,3.01,115.90
US000009,919,2023-09-27,SRTL,1,3,106.24,2.76,106.24
US000009,919,2023-09-27,SO2R,1,3,117.60,3.05,117.60
US000009,919,2023-09-27,SO2M2M,1,3,109.37,2.84,109.37
US000009,919,2023-09-27,SO2EXP,1,3,78.57,2.04,78.57
US000009,919,2023-09-27,SO20M2,1,3,111.00,2.88,111.00
US000009,919,2023-09-27,SNP,1,3,82.50,2.14,82.50
US000009,919,2023-09-27,SGML,2,6,242.00,6.28,121.00
US000009,919,2023-09-27,SCPM,1,3,165.54,4.30,165.54
US000009,919,2023-09-27,SBOOK,1,3,109.80,2.85,109.80
US000009,919,2023-09-27,SAPR1M,7,22,808.84,20.99,115.55
US000009,919,2023-09-27,BAR,7,22,974.00,25.28,139.14
US000009,919,2023-09-27,LPD3,3,9,503.20,13.06,167.73
US000009,919,2023-09-27,LPD2,1,3,118.40,3.07,118.40
US000009,919,2023-09-27,LNET2,1,3,110.44,2.87,110.44
US000009,919,2023-09-27,LEXP,1,3,99.26,2.58,99.26
US000009,919,2023-09-28,SSC,2,5,281.20,6.35,140.60
US000009,919,2023-09-28,SRTL,1,2,107.50,2.43,107.50
US000009,919,2023-09-28,SO2R,0,0,30.40,0.69,0.00
US000009,919,2023-09-28,SO2M2M,1,2,109.37,2.47,109.37
US000009,919,2023-09-28,SO2EXP,1,2,85.01,1.92,85.01
US000009,919,2023-09-28,SCPM,6,17,713.61,16.11,118.94
US000009,919,2023-09-28,SAPR1M,7,20,849.88,19.18,121.41
US000009,919,2023-09-28,SAPR1,1,2,123.30,2.78,123.30
US000009,919,2023-09-28,S3A,1,2,125.80,2.84,125.80
US000009,919,2023-09-28,BAR,8,23,"1,183.95",26.72,147.99
US000009,919,2023-09-28,NO SHOW,0,0,152.78,3.45,0.00
US000009,919,2023-09-28,NEHR02,1,2,116.45,2.63,116.45
US000009,919,2023-09-28,LSTATE,2,5,196.00,4.42,98.00
US000009,919,2023-09-28,LPD2,1,2,138.40,3.12,138.40
US000009,919,2023-09-28,LNET2,1,2,110.44,2.49,110.44
US000009,919,2023-09-28,LEXP,1,2,106.51,2.40,106.51
US000009,919,2023-09-29,SRTL,3,6,622.62,7.02,207.54
US000009,919,2023-09-29,SPC,1,2,127.92,1.44,127.92
US000009,919,2023-09-29,SCPM,8,17,"1,687.88",19.03,210.99
US000009,919,2023-09-29,SBOOK,1,2,162.86,1.84,162.86
US000009,919,2023-09-29,SAPR1M,10,22,"2,029.04",22.88,202.90
US000009,919,2023-09-29,SAPR1,1,2,273.60,3.08,273.60
US000009,919,2023-09-29,S3A,2,4,317.06,3.57,158.53
US000009,919,2023-09-29,BAR,3,6,635.45,7.16,211.82
US000009,919,2023-09-29,NO SHOW,0,0,261.03,2.94,0.00
US000009,919,2023-09-29,LPD2,1,2,263.20,2.97,263.20
US000009,919,2023-09-29,LEXP2,1,2,201.83,2.28,201.83
US000009,919,2023-09-29,LEXP,1,2,234.56,2.64,234.56
US000009,919,2023-09-29,GROUP~,13,28,"2,052.29",23.14,157.87
US000009,919,2023-09-30,SSC,2,4,258.00,2.95,129.00
US000009,919,2023-09-30,SRTL,2,4,290.70,3.33,145.35
US000009,919,2023-09-30,SPC,1,2,127.82,1.46,127.82
US000009,919,2023-09-30,SCPM,11,23,"2,183.52",25.00,198.50
US000009,919,2023-09-30,SBOOK,5,10,"1,159.92",13.28,231.98
US000009,919,2023-09-30,SAPR1M,5,10,"1,075.54",12.31,215.11
US000009,919,2023-09-30,S3A,2,4,336.93,3.86,168.47
US000009,919,2023-09-30,BAR,3,6,572.50,6.55,190.83
US000009,919,2023-09-30,LNET2,1,2,228.00,2.61,228.00
US000009,919,2023-09-30,LEXP2,1,2,107.32,1.23,107.32
US000009,919,2023-09-30,LEXP,3,6,678.22,7.77,226.07
US000009,919,2023-09-30,GROUP~,11,23,"1,715.84",19.64,155.99
US000009,919,2023-10-01,SSC,2,10,258.00,12.01,129.00
US000009,919,2023-10-01,SRTL,1,5,118.80,5.53,118.80
US000009,919,2023-10-01,SPC,1,5,100.26,4.67,100.26
US000009,919,2023-10-01,SNP,1,5,99.00,4.61,99.00
US000009,919,2023-10-01,SCPM,2,10,294.23,13.69,147.12
US000009,919,2023-10-01,SAPR1M,3,15,319.77,14.88,106.59
US000009,919,2023-10-01,S3A,4,21,445.95,20.75,111.49
US000009,919,2023-10-01,BAR,3,15,407.65,18.97,135.88
US000009,919,2023-10-01,LEXP,0,0,(121.27),(5.64),0.00
US000009,919,2023-10-01,LDISC2,2,10,226.30,10.53,113.15
US000009,919,2023-10-02,SSC,1,2,123.30,2.80,123.30
US000009,919,2023-10-02,SO2M2M,1,2,90.77,2.06,90.77
US000009,919,2023-10-02,SO20M2,1,2,97.60,2.22,97.60
US000009,919,2023-10-02,SGML,1,2,120.56,2.74,120.56
US000009,919,2023-10-02,SGM,1,2,107.00,2.43,107.00
US000009,919,2023-10-02,SCPM,2,5,283.65,6.44,141.83
US000009,919,2023-10-02,SC15,1,2,108.80,2.47,108.80
US000009,919,2023-10-02,SBOOK,1,2,128.00,2.91,128.00
US000009,919,2023-10-02,SAPR1M,6,16,690.00,15.66,115.00
US000009,919,2023-10-02,SAPR1,1,2,115.20,2.61,115.20
US000009,919,2023-10-02,S3A,5,13,564.40,12.81,112.88
US000009,919,2023-10-02,BAR,5,13,685.00,15.55,137.00
US000009,919,2023-10-02,NO SHOW,0,0,137.00,3.11,0.00
US000009,919,2023-10-02,LPD3,1,2,116.45,2.64,116.45
US000009,919,2023-10-02,LPD2,1,2,109.60,2.49,109.60
US000009,919,2023-10-02,LPD,2,5,213.00,4.83,106.50
US000009,919,2023-10-02,LDISC2,6,16,715.90,16.25,119.32
US000009,919,2023-10-03,SRTL,1,2,118.80,2.87,118.80
US000009,919,2023-10-03,SO2M2M,2,5,208.32,5.02,104.16
US000009,919,2023-10-03,SO2EXP,1,2,95.31,2.30,95.31
US000009,919,2023-10-03,SO2BK,1,2,110.16,2.66,110.16
US000009,919,2023-10-03,SO20M2,1,2,114.40,2.76,114.40
US000009,919,2023-10-03,SNP,1,2,107.25,2.59,107.25
US000009,919,2023-10-03,SGML,1,2,139.92,3.37,139.92
US000009,919,2023-10-03,SCPM,2,5,288.30,6.95,144.15
US000009,919,2023-10-03,SBOOK,2,5,266.40,6.42,133.20
US000009,919,2023-10-03,SAPR1M,5,14,647.25,15.61,129.45
US000009,919,2023-10-03,S3A,4,11,546.45,13.18,136.61
US000009,919,2023-10-03,BAR,4,11,530.30,12.79,132.58
US000009,919,2023-10-03,NTVH02,1,2,117.66,2.84,117.66
US000009,919,2023-10-03,NO SHOW,0,0,(137.00),(3.30),0.00
US000009,919,2023-10-03,LPD,2,5,229.50,5.53,114.75
US000009,919,2023-10-03,LDISC2,6,17,763.60,18.42,127.27
US000009,919,2023-10-04,SRTL,1,3,128.70,3.67,128.70
US000009,919,2023-10-04,SO2M2M,1,3,106.39,3.03,106.39
US000009,919,2023-10-04,SO2BK,2,6,216.72,6.18,108.36
US000009,919,2023-10-04,SO20M2,1,3,114.40,3.26,114.40
US000009,919,2023-10-04,SCPM,4,12,539.40,15.38,134.85
US000009,919,2023-10-04,SBOOK,1,3,128.70,3.67,128.70
US000009,919,2023-10-04,SAPR1M,6,18,802.01,22.87,133.67
US000009,919,2023-10-04,SAPR1,3,9,356.40,10.17,118.80
US000009,919,2023-10-04,SAARP,1,3,142.20,4.06,142.20
US000009,919,2023-10-04,BAR,4,12,(68.00),(1.94),(17.00)
US000009,919,2023-10-04,NTVH02,1,3,117.66,3.36,117.66
US000009,919,2023-10-04,LPD2,2,6,270.40,7.71,135.20
US000009,919,2023-10-04,LOPQ2,1,3,119.25,3.40,119.25
US000009,919,2023-10-04,LDISC2,4,12,531.90,15.17,132.98
US000009,919,2023-10-05,SO2M2M,1,4,90.77,3.19,90.77
US000009,919,2023-10-05,SO2BK,1,4,91.44,3.21,91.44
US000009,919,2023-10-05,SO20M2,1,4,97.60,3.43,97.60
US000009,919,2023-10-05,SCPM,2,8,279.00,9.79,139.50
US000009,919,2023-10-05,SBOOK,2,8,278.10,9.76,139.05
US000009,919,2023-10-05,SAPR1M,4,16,473.68,16.63,118.42
US000009,919,2023-10-05,SAPR1,2,8,252.10,8.85,126.05
US000009,919,2023-10-05,SAARP,1,4,128.70,4.52,128.70
US000009,919,2023-10-05,S3A,2,8,215.86,7.58,107.93
US000009,919,2023-10-05,BAR,4,16,528.00,18.53,132.00
US000009,919,2023-10-05,NTVH02,1,4,98.42,3.45,98.42
US000009,919,2023-10-05,LWTO,1,4,102.75,3.61,102.75
US000009,919,2023-10-05,LEXP2,1,4,89.10,3.13,89.10
US000009,919,2023-10-05,LDISC2,1,4,123.30,4.33,123.30
US000009,919,2023-10-06,SRTL,7,15,"1,093.36",14.15,156.19
US000009,919,2023-10-06,SGML,2,4,297.57,3.85,148.79
US000009,919,2023-10-06,SCPM,7,15,"1,177.33",15.24,168.19
US000009,919,2023-10-06,SC15,1,2,194.65,2.52,194.65
US000009,919,2023-10-06,SBOOK,5,11,977.07,12.65,195.41
US000009,919,2023-10-06,SAPR1M,7,15,"1,443.73",18.68,206.25
US000009,919,2023-10-06,SAPR1H,1,2,117.12,1.52,117.12
US000009,919,2023-10-06,SAPR1,1,2,144.95,1.88,144.95
US000009,919,2023-10-06,SAARP,1,2,282.60,3.66,282.60
US000009,919,2023-10-06,S3A,1,2,131.67,1.70,131.67
US000009,919,2023-10-06,BAR,6,13,846.03,10.95,141.01
US000009,919,2023-10-06,NTVH02,1,2,224.96,2.91,224.96
US000009,919,2023-10-06,LPD,1,2,231.75,3.00,231.75
US000009,919,2023-10-06,LEXP2,1,2,172.12,2.23,172.12
US000009,919,2023-10-06,LEXP,1,2,118.50,1.53,118.50
US000009,919,2023-10-06,LDISC2,1,2,273.30,3.54,273.30
US000009,919,2023-10-07,SSC,1,2,132.84,1.71,132.84
US000009,919,2023-10-07,SRTL,3,7,443.92,5.71,147.97
US000009,919,2023-10-07,SRD Rate,1,2,75.23,0.97,75.23
US000009,919,2023-10-07,SGML,2,5,406.08,5.22,203.04
US000009,919,2023-10-07,SCPM,6,15,"1,148.93",14.77,191.49
US000009,919,2023-10-07,SC15,2,5,430.10,5.53,215.05
US000009,919,2023-10-07,SBOOK,3,7,709.50,9.12,236.50
US000009,919,2023-10-07,SAPR1M,3,7,636.42,8.18,212.14
US000009,919,2023-10-07,SAPR1,4,10,825.30,10.61,206.33
US000009,919,2023-10-07,S3A,1,2,136.38,1.75,136.38
US000009,919,2023-10-07,BAR,6,15,"1,063.65",13.67,177.28
US000009,919,2023-10-07,NO SHOW,0,0,446.48,5.74,0.00
US000009,919,2023-10-07,LWTO,1,2,213.00,2.74,213.00
US000009,919,2023-10-07,LPD3,1,2,241.40,3.10,241.40
US000009,919,2023-10-07,LPD,2,5,426.00,5.48,213.00
US000009,919,2023-10-07,LEXP2,1,2,172.12,2.21,172.12
US000009,919,2023-10-07,LDISC2,2,5,273.30,3.51,136.65
US000009,919,2023-10-08,SSC,1,4,139.65,5.37,139.65
US000009,919,2023-10-08,SRTL,1,4,115.20,4.43,115.20
US000009,919,2023-10-08,SRD Rate,1,4,47.27,1.82,47.27
US000009,919,2023-10-08,SO20M2,1,4,109.60,4.22,109.60
US000009,919,2023-10-08,SGML,1,4,133.50,5.14,133.50
US000009,919,2023-10-08,SCPM,1,4,155.31,5.98,155.31
US000009,919,2023-10-08,SBOOK,1,4,118.80,4.57,118.80
US000009,919,2023-10-08,SAPR1M,2,9,238.55,9.18,119.28
US000009,919,2023-10-08,SAPR1,1,4,118.80,4.57,118.80
US000009,919,2023-10-08,BAR,5,22,649.00,24.97,129.80
US000009,919,2023-10-08,LWTO,1,4,102.75,3.95,102.75
US000009,919,2023-10-08,LPD3,1,4,116.45,4.48,116.45
US000009,919,2023-10-08,LEXP,1,4,94.45,3.63,94.45
US000009,919,2023-10-08,LDISC2,4,18,459.40,17.68,114.85
US000009,919,2023-10-09,SSC,1,3,140.60,3.70,140.60
US000009,919,2023-10-09,SO2M2M,2,6,181.54,4.77,90.77
US000009,919,2023-10-09,SO2EXP,7,21,582.41,15.31,83.20
US000009,919,2023-10-09,SO20M2,1,3,101.60,2.67,101.60
US000009,919,2023-10-09,SCPM,2,6,298.53,7.85,149.27
US000009,919,2023-10-09,SBOOK,2,6,288.90,7.59,144.45
US000009,919,2023-10-09,SAPR1M,4,12,479.66,12.61,119.92
US000009,919,2023-10-09,SAPR1,1,3,99.00,2.60,99.00
US000009,919,2023-10-09,S3A,1,3,121.55,3.20,121.55
US000009,919,2023-10-09,BAR,2,6,225.00,5.91,112.50
US000009,919,2023-10-09,NO SHOW,0,0,284.40,7.48,0.00
US000009,919,2023-10-09,LPD3,4,12,453.90,11.93,113.48
US000009,919,2023-10-09,LEXP,1,3,105.89,2.78,105.89
US000009,919,2023-10-09,LDISC2,4,12,441.40,11.60,110.35
US000009,919,2023-10-10,SSC,1,2,140.60,3.24,140.60
US000009,919,2023-10-10,SRTL,2,5,244.66,5.63,122.33
US000009,919,2023-10-10,SO2M2M,2,5,181.54,4.18,90.77
US000009,919,2023-10-10,SO2EXP,8,22,674.61,15.52,84.33
US000009,919,2023-10-10,SO20M2,3,8,309.00,7.11,103.00
US000009,919,2023-10-10,SCPM,3,8,381.30,8.77,127.10
US000009,919,2023-10-10,SBOOK,1,2,206.10,4.74,206.10
US000009,919,2023-10-10,BAR,5,13,747.00,17.19,149.40
US000009,919,2023-10-10,NO SHOW,0,0,137.70,3.17,0.00
US000009,919,2023-10-10,LPD3,7,19,845.05,19.44,120.72
US000009,919,2023-10-10,LEXP,1,2,145.97,3.36,145.97
US000009,919,2023-10-10,LDISC2,3,8,332.50,7.65,110.83
US000009,919,2023-10-11,SPC,1,2,112.20,2.56,112.20
US000009,919,2023-10-11,SO2M2M,2,5,163.68,3.74,81.84
US000009,919,2023-10-11,SO2EXP,6,15,546.74,12.49,91.12
US000009,919,2023-10-11,SO20M2,2,5,193.00,4.41,96.50
US000009,919,2023-10-11,SCPM,5,13,661.23,15.10,132.25
US000009,919,2023-10-11,SBOOK,1,2,155.70,3.56,155.70
US000009,919,2023-10-11,SAPR1M,3,7,374.49,8.55,124.83
US000009,919,2023-10-11,BAR,5,13,750.00,17.13,150.00
US000009,919,2023-10-11,LPD3,3,7,299.20,6.83,99.73
US000009,919,2023-10-11,LPD2,1,2,118.40,2.70,118.40
US000009,919,2023-10-11,LEXP,4,10,426.44,9.74,106.61
US000009,919,2023-10-11,LDISC2,5,13,576.70,13.17,115.34
US000009,919,2023-10-12,SSC,1,2,100.00,2.37,100.00
US000009,919,2023-10-12,SO2EXP,5,13,389.58,9.22,77.92
US000009,919,2023-10-12,SCPM,1,2,292.29,6.92,292.29
US000009,919,2023-10-12,SBOOK,3,8,389.70,9.23,129.90
US000009,919,2023-10-12,SAPR1M,7,19,850.75,20.14,121.54
US000009,919,2023-10-12,SAPR1,1,2,99.00,2.34,99.00
US000009,919,2023-10-12,BAR,4,11,551.00,13.05,137.75
US000009,919,2023-10-12,LPD3,4,11,425.00,10.06,106.25
US000009,919,2023-10-12,LEXP,5,13,493.69,11.69,98.74
US000009,919,2023-10-12,LDISC2,4,11,484.20,11.47,121.05
US000009,919,2023-10-12,GROUP~,1,2,148.00,3.50,148.00
US000009,919,2023-10-13,SSC,2,4,225.00,3.39,112.50
US000009,919,2023-10-13,SRTL,3,7,480.60,7.25,160.20
US000009,919,2023-10-13,SGML,1,2,149.60,2.26,149.60
US000009,919,2023-10-13,SCPM,3,7,494.76,7.46,164.92
US000009,919,2023-10-13,SC15,1,2,170.00,2.56,170.00
US000009,919,2023-10-13,SAPR1M,9,21,"1,483.52",22.37,164.84
US000009,919,2023-10-13,SAPR1,4,9,679.60,10.25,169.90
US000009,919,2023-10-13,S3A,1,2,142.04,2.14,142.04
US000009,919,2023-10-13,BAR,2,4,379.00,5.71,189.50
US000009,919,2023-10-13,NO SHOW,0,0,148.50,2.24,0.00
US000009,919,2023-10-13,LWTO,1,2,123.75,1.87,123.75
US000009,919,2023-10-13,LPD3,3,7,499.80,7.54,166.60
US000009,919,2023-10-13,LEXP2,3,7,362.68,5.47,120.89
US000009,919,2023-10-13,LEXP,3,7,396.00,5.97,132.00
US000009,919,2023-10-13,LDISC2,2,4,290.27,4.38,145.14
US000009,919,2023-10-13,GROUP~,4,9,607.50,9.16,151.88
US000009,919,2023-10-14,SSC,1,2,100.00,1.47,100.00
US000009,919,2023-10-14,SRTL,3,6,485.10,7.14,161.70
US000009,919,2023-10-14,SGML,3,6,457.60,6.74,152.53
US000009,919,2023-10-14,SCPM,3,6,480.32,7.07,160.11
US000009,919,2023-10-14,SC15,1,2,170.00,2.50,170.00
US000009,919,2023-10-14,SAPR1M,9,20,"1,440.87",21.22,160.10
US000009,919,2023-10-14,SAPR1,4,9,679.60,10.01,169.90
US000009,919,2023-10-14,SAARP,1,2,148.50,2.19,148.50
US000009,919,2023-10-14,S3A,3,6,473.11,6.97,157.70
US000009,919,2023-10-14,BAR,1,2,175.00,2.58,175.00
US000009,919,2023-10-14,NO SHOW,0,0,186.82,2.75,0.00
US000009,919,2023-10-14,LPD3,3,6,495.55,7.30,165.18
US000009,919,2023-10-14,LEXP2,2,4,227.06,3.34,113.53
US000009,919,2023-10-14,LEXP,3,6,369.85,5.45,123.28
US000009,919,2023-10-14,LDISC2,2,4,293.82,4.33,146.91
US000009,919,2023-10-14,GROUP~,4,9,607.50,8.95,151.88
US000009,919,2023-10-15,SSC,1,4,100.00,4.09,100.00
US000009,919,2023-10-15,SGML,5,23,584.76,23.93,116.95
US000009,919,2023-10-15,SCPM,1,4,132.99,5.44,132.99
US000009,919,2023-10-15,SAPR1M,1,4,127.27,5.21,127.27
US000009,919,2023-10-15,SAPR1,1,4,118.80,4.86,118.80
US000009,919,2023-10-15,S3A,3,14,355.30,14.54,118.43
US000009,919,2023-10-15,BAR,3,14,401.00,16.41,133.67
US000009,919,2023-10-15,LPD3,2,9,228.65,9.36,114.33
US000009,919,2023-10-15,LEXP2,1,4,89.10,3.65,89.10
US000009,919,2023-10-15,LEXP,2,9,211.82,8.67,105.91
US000009,919,2023-10-15,LDISC2,1,4,94.00,3.85,94.00
US000009,919,2023-10-16,SSC,1,2,100.00,2.76,100.00
US000009,919,2023-10-16,SRTL,1,2,99.00,2.73,99.00
US000009,919,2023-10-16,SGML,1,2,101.20,2.79,101.20
US000009,919,2023-10-16,SGM,2,5,214.00,5.91,107.00
US000009,919,2023-10-16,SAPR1M,8,22,878.09,24.25,109.76
US000009,919,2023-10-16,BAR,3,8,345.00,9.53,115.00
US000009,919,2023-10-16,LPD2,2,5,219.20,6.05,109.60
US000009,919,2023-10-16,LPD,6,17,624.00,17.23,104.00
US000009,919,2023-10-16,LNET2,3,8,267.75,7.39,89.25
US000009,919,2023-10-16,LEXP2,2,5,168.08,4.64,84.04
US000009,919,2023-10-16,LEXP,4,11,407.80,11.26,101.95
US000009,919,2023-10-16,LDISC2,2,5,197.50,5.45,98.75
US000009,919,2023-10-17,SSC,1,2,100.00,2.36,100.00
US000009,919,2023-10-17,SRTL,4,10,449.92,10.62,112.48
US000009,919,2023-10-17,SGM,2,5,214.00,5.05,107.00
US000009,919,2023-10-17,SCPM,1,2,106.95,2.52,106.95
US000009,919,2023-10-17,SBOOK,2,5,214.20,5.05,107.10
US000009,919,2023-10-17,SAPR1M,4,10,462.56,10.91,115.64
US000009,919,2023-10-17,BAR,4,10,529.00,12.48,132.25
US000009,919,2023-10-17,LWTO,1,2,121.00,2.86,121.00
US000009,919,2023-10-17,LSTATE,1,2,107.00,2.52,107.00
US000009,919,2023-10-17,LPD3,1,2,125.80,2.97,125.80
US000009,919,2023-10-17,LPD2,2,5,236.80,5.59,118.40
US000009,919,2023-10-17,LPD,7,18,784.50,18.51,112.07
US000009,919,2023-10-17,LEXP2,1,2,89.78,2.12,89.78
US000009,919,2023-10-17,LEXP,6,15,602.45,14.22,100.41
US000009,919,2023-10-17,LDISC2,1,2,94.00,2.22,94.00
US000009,919,2023-10-18,SSC,2,4,221.20,4.72,110.60
US000009,919,2023-10-18,SRTL,4,9,450.77,9.61,112.69
US000009,919,2023-10-18,SO2EXP,0,0,(170.02),(3.62),0.00
US000009,919,2023-10-18,SGM,2,4,214.00,4.56,107.00
US000009,919,2023-10-18,SCPM,2,4,236.22,5.04,118.11
US000009,919,2023-10-18,SC15,4,9,447.95,9.55,111.99
US000009,919,2023-10-18,SAPR1M,3,7,358.25,7.64,119.42
US000009,919,2023-10-18,SAPR1,1,2,142.20,3.03,142.20
US000009,919,2023-10-18,S3A,5,12,595.00,12.68,119.00
US000009,919,2023-10-18,BAR,5,12,687.00,14.64,137.40
US000009,919,2023-10-18,NPHEP,1,2,95.00,2.03,95.00
US000009,919,2023-10-18,LPD3,6,14,750.55,16.00,125.09
US000009,919,2023-10-18,LPD2,1,2,118.40,2.52,118.40
US000009,919,2023-10-18,LPD,1,2,111.00,2.37,111.00
US000009,919,2023-10-18,LEXP2,1,2,89.78,1.91,89.78
US000009,919,2023-10-18,LEXP,2,4,229.67,4.90,114.84
US000009,919,2023-10-18,LDISC2,1,2,114.30,2.44,114.30
US000009,919,2023-10-19,SSC,2,5,244.20,5.18,122.10
US000009,919,2023-10-19,SRTL,3,8,368.63,7.82,122.88
US000009,919,2023-10-19,SGML,1,2,120.56,2.56,120.56
US000009,919,2023-10-19,SCPM,5,13,630.04,13.36,126.01
US000009,919,2023-10-19,SBOOK,1,2,123.30,2.62,123.30
US000009,919,2023-10-19,SAPR1M,2,5,256.50,5.44,128.25
US000009,919,2023-10-19,SAARP,1,2,137.70,2.92,137.70
US000009,919,2023-10-19,S3A,1,2,112.20,2.38,112.20
US000009,919,2023-10-19,BAR,7,18,923.00,19.58,131.86
US000009,919,2023-10-19,NPHEP,1,2,95.00,2.02,95.00
US000009,919,2023-10-19,NO SHOW,0,0,401.00,8.51,0.00
US000009,919,2023-10-19,LPD3,1,2,117.30,2.49,117.30
US000009,919,2023-10-19,LPD2,1,2,110.40,2.34,110.40
US000009,919,2023-10-19,LNET2,3,8,331.88,7.04,110.63
US000009,919,2023-10-19,LEXP2,4,10,402.99,8.55,100.75
US000009,919,2023-10-19,LEXP,3,8,339.86,7.21,113.29
US000009,919,2023-10-19,LDISC2,1,2,0.00,0.00,0.00
US000009,919,2023-10-20,SSC,5,13,811.82,14.71,162.36
US000009,919,2023-10-20,SRTL,6,16,891.90,16.16,148.65
US000009,919,2023-10-20,SGML,2,5,299.20,5.42,149.60
US000009,919,2023-10-20,SCPM,3,8,508.25,9.21,169.42
US000009,919,2023-10-20,SBOOK,1,2,153.00,2.77,153.00
US000009,919,2023-10-20,SAPR1M,3,8,436.51,7.91,145.50
US000009,919,2023-10-20,SAPR1,2,5,328.50,5.95,164.25
US000009,919,2023-10-20,SAARP,1,2,128.70,2.33,128.70
US000009,919,2023-10-20,S3A,3,8,429.25,7.78,143.08
US000009,919,2023-10-20,BAR,3,8,510.00,9.24,170.00
US000009,919,2023-10-20,NPHEP,1,2,95.00,1.72,95.00
US000009,919,2023-10-20,LPD3,2,5,280.50,5.08,140.25
US000009,919,2023-10-20,LNET2,1,2,117.38,2.13,117.38
US000009,919,2023-10-20,LEXP,4,10,530.46,9.61,132.62
US000009,919,2023-10-21,SSO,1,2,144.00,1.94,144.00
US000009,919,2023-10-21,SSC,5,11,821.54,11.07,164.31
US000009,919,2023-10-21,SRTL,4,8,630.00,8.49,157.50
US000009,919,2023-10-21,SPC,1,2,159.65,2.15,159.65
US000009,919,2023-10-21,SGML,2,4,279.44,3.77,139.72
US000009,919,2023-10-21,SCPM,2,4,351.50,4.74,175.75
US000009,919,2023-10-21,SBOOK,3,6,493.50,6.65,164.50
US000009,919,2023-10-21,SAPR1M,8,17,"1,247.92",16.82,155.99
US000009,919,2023-10-21,SAPR1,1,2,175.50,2.37,175.50
US000009,919,2023-10-21,SAARP,1,2,148.50,2.00,148.50
US000009,919,2023-10-21,S3A,3,6,439.25,5.92,146.42
US000009,919,2023-10-21,BAR,5,11,938.00,12.64,187.60
US000009,919,2023-10-21,NO SHOW,0,0,252.50,3.40,0.00
US000009,919,2023-10-21,LPD3,1,2,169.15,2.28,169.15
US000009,919,2023-10-21,LNET2,1,2,135.00,1.82,135.00
US000009,919,2023-10-21,LEXP,7,15,"1,034.55",13.94,147.79
US000009,919,2023-10-22,SSC,1,4,94.00,3.53,94.00
US000009,919,2023-10-22,SRTL,5,21,549.90,20.66,109.98
US000009,919,2023-10-22,SNP,1,4,99.00,3.72,99.00
US000009,919,2023-10-22,SGML,1,4,104.19,3.91,104.19
US000009,919,2023-10-22,SAPR1M,1,4,112.86,4.24,112.86
US000009,919,2023-10-22,SAPR1,1,4,132.30,4.97,132.30
US000009,919,2023-10-22,SAARP,1,4,123.30,4.63,123.30
US000009,919,2023-10-22,S3A,1,4,116.45,4.37,116.45
US000009,919,2023-10-22,BAR,6,26,763.00,28.66,127.17
US000009,919,2023-10-22,LPD3,1,4,112.20,4.21,112.20
US000009,919,2023-10-22,LEXP2,1,4,92.48,3.47,92.48
US000009,919,2023-10-22,LEXP,1,4,115.91,4.35,115.91
US000009,919,2023-10-22,LDISC2,2,8,246.60,9.26,123.30
US000009,919,2023-10-23,SSC,1,2,94.00,1.80,94.00
US000009,919,2023-10-23,SRTL,2,4,211.50,4.06,105.75
US000009,919,2023-10-23,SPC,1,2,93.50,1.79,93.50
US000009,919,2023-10-23,SGML,1,2,104.19,2.00,104.19
US000009,919,2023-10-23,SCPM,1,2,102.30,1.96,102.30
US000009,919,2023-10-23,SBOOK,2,4,260.10,4.99,130.05
US000009,919,2023-10-23,SAPR1M,8,18,"1,045.35",20.05,130.67
US000009,919,2023-10-23,SAPR1,3,6,396.90,7.61,132.30
US000009,919,2023-10-23,SAARP,1,2,82.10,1.57,82.10
US000009,919,2023-10-23,S3A,1,2,116.45,2.23,116.45
US000009,919,2023-10-23,BAR,7,16,946.00,18.14,135.14
US000009,919,2023-10-23,NPHEP,2,4,190.00,3.64,95.00
US000009,919,2023-10-23,NO SHOW,0,0,95.00,1.82,0.00
US000009,919,2023-10-23,LPD2,1,2,109.60,2.10,109.60
US000009,919,2023-10-23,LEXP2,2,4,211.26,4.05,105.63
US000009,919,2023-10-23,LEXP,4,9,388.54,7.45,97.14
US000009,919,2023-10-23,LDISC2,6,13,767.70,14.72,127.95
US000009,919,2023-10-24,SSC,2,5,263.10,5.36,131.55
US000009,919,2023-10-24,SRTL,2,5,231.30,4.71,115.65
US000009,919,2023-10-24,SPC,1,2,93.50,1.90,93.50
US000009,919,2023-10-24,SNP,1,2,91.50,1.86,91.50
US000009,919,2023-10-24,SGML,2,5,256.08,5.21,128.04
US000009,919,2023-10-24,SCPM,3,7,347.82,7.08,115.94
US000009,919,2023-10-24,SBOOK,1,2,118.80,2.42,118.80
US000009,919,2023-10-24,SAPR1M,4,10,477.69,9.73,119.42
US000009,919,2023-10-24,SAPR1,3,7,396.90,8.08,132.30
US000009,919,2023-10-24,SAARP,1,2,123.30,2.51,123.30
US000009,919,2023-10-24,BAR,6,15,869.00,17.70,144.83
US000009,919,2023-10-24,NPHEP,2,5,190.00,3.87,95.00
US000009,919,2023-10-24,LPD3,1,2,147.05,2.99,147.05
US000009,919,2023-10-24,LPD2,2,5,224.00,4.56,112.00
US000009,919,2023-10-24,LEXP,3,7,298.37,6.08,99.46
US000009,919,2023-10-24,LDISC2,6,15,782.10,15.93,130.35
US000009,919,2023-10-25,SSC,2,4,340.52,5.01,170.26
US000009,919,2023-10-25,SRTL,4,8,482.94,7.11,120.74
US000009,919,2023-10-25,SPC,1,2,93.50,1.38,93.50
US000009,919,2023-10-25,SCPM,6,12,756.46,11.14,126.08
US000009,919,2023-10-25,SBOOK,1,2,99.00,1.46,99.00
US000009,919,2023-10-25,SAPR1M,9,18,"1,145.78",16.87,127.31
US000009,919,2023-10-25,SAPR1,3,6,426.60,6.28,142.20
US000009,919,2023-10-25,S3A,1,2,121.55,1.79,121.55
US000009,919,2023-10-25,BAR,8,16,"1,307.00",19.24,163.38
US000009,919,2023-10-25,NPHEP,2,4,190.00,2.80,95.00
US000009,919,2023-10-25,NO SHOW,0,0,(95.00),(1.40),0.00
US000009,919,2023-10-25,LPD3,3,6,515.95,7.60,171.98
US000009,919,2023-10-25,LPD2,2,4,272.80,4.02,136.40
US000009,919,2023-10-25,LPD,1,2,153.00,2.25,153.00
US000009,919,2023-10-25,LEXP,1,2,109.47,1.61,109.47
US000009,919,2023-10-25,LDISC2,6,12,872.10,12.84,145.35
US000009,919,2023-10-26,SSC,1,2,119.97,2.44,119.97
US000009,919,2023-10-26,SRTL,3,8,342.90,6.98,114.30
US000009,919,2023-10-26,SPC,1,2,103.70,2.11,103.70
US000009,919,2023-10-26,SGM,1,2,107.00,2.18,107.00
US000009,919,2023-10-26,SCPM,1,2,137.64,2.80,137.64
US000009,919,2023-10-26,SBOOK,2,5,238.50,4.85,119.25
US000009,919,2023-10-26,SAPR1M,10,27,"1,259.40",25.63,125.94
US000009,919,2023-10-26,SAPR1,4,10,555.30,11.30,138.83
US000009,919,2023-10-26,S3A,3,8,344.21,7.00,114.74
US000009,919,2023-10-26,BAR,5,13,724.00,14.73,144.80
US000009,919,2023-10-26,NPHEP,1,2,95.00,1.93,95.00
US000009,919,2023-10-26,NO SHOW,0,0,286.20,5.82,0.00
US000009,919,2023-10-26,LWTO,1,2,92.89,1.89,92.89
US000009,919,2023-10-26,LPD2,1,2,109.60,2.23,109.60
US000009,919,2023-10-26,LEXP,1,2,109.47,2.23,109.47
US000009,919,2023-10-26,LDISC2,2,5,288.90,5.88,144.45
US000009,919,2023-10-27,SSC,1,2,130.77,2.87,130.77
US000009,919,2023-10-27,SRTL,1,2,125.01,2.74,125.01
US000009,919,2023-10-27,SGML,1,2,126.46,2.78,126.46
US000009,919,2023-10-27,SCPM,4,11,591.43,12.98,147.86
US000009,919,2023-10-27,SBOOK,5,14,496.00,10.89,99.20
US000009,919,2023-10-27,SAPR1M,7,20,"1,013.56",22.25,144.79
US000009,919,2023-10-27,SAARP,1,2,143.10,3.14,143.10
US000009,919,2023-10-27,S3A,2,5,250.29,5.49,125.15
US000009,919,2023-10-27,BAR,3,8,428.00,9.40,142.67
US000009,919,2023-10-27,NPHEP,1,2,95.00,2.09,95.00
US000009,919,2023-10-27,NO SHOW,0,0,160.55,3.52,0.00
US000009,919,2023-10-27,LWTO,1,2,104.78,2.30,104.78
US000009,919,2023-10-27,LPD3,2,5,251.60,5.52,125.80
US000009,919,2023-10-27,LNET2,1,2,113.96,2.50,113.96
US000009,919,2023-10-27,LEXP,3,8,359.41,7.89,119.80
US000009,919,2023-10-27,LDISC2,1,2,165.60,3.64,165.60
US000009,919,2023-10-28,SSC,1,3,138.92,3.06,138.92
US000009,919,2023-10-28,SRTL,2,6,257.40,5.67,128.70
US000009,919,2023-10-28,SGML,2,6,260.57,5.74,130.29
US000009,919,2023-10-28,SCPM,4,12,601.26,13.24,150.32
US000009,919,2023-10-28,SBOOK,2,6,261.90,5.77,130.95
US000009,919,2023-10-28,SAPR1M,7,21,940.21,20.70,134.32
US000009,919,2023-10-28,SAARP,1,3,125.10,2.75,125.10
US000009,919,2023-10-28,S3A,1,3,110.00,2.42,110.00
US000009,919,2023-10-28,BAR,6,18,881.00,19.40,146.83
US000009,919,2023-10-28,NO SHOW,0,0,119.70,2.64,0.00
US000009,919,2023-10-28,LPD3,1,3,118.15,2.60,118.15
US000009,919,2023-10-28,LNET2,1,3,113.96,2.51,113.96
US000009,919,2023-10-28,LEXP2,1,3,99.90,2.20,99.90
US000009,919,2023-10-28,LEXP,3,9,347.59,7.65,115.86
US000009,919,2023-10-28,LDISC2,1,3,165.60,3.65,165.60
US000009,919,2023-10-29,SRTL,3,15,316.80,14.88,105.60
US000009,919,2023-10-29,SGML,2,10,225.28,10.58,112.64
US000009,919,2023-10-29,SCPM,4,21,429.66,20.18,107.42
US000009,919,2023-10-29,SAPR1M,3,15,328.33,15.42,109.44
US000009,919,2023-10-29,S3A,1,5,124.95,5.87,124.95
US000009,919,2023-10-29,BAR,1,5,137.00,6.44,137.00
US000009,919,2023-10-29,LEXP,3,15,291.21,13.68,97.07
US000009,919,2023-10-29,LDISC2,2,10,275.60,12.95,137.80
